#
# There is insufficient memory for the Java Runtime Environment to continue.
# Native memory allocation (mmap) failed to map 2097152 bytes. Error detail: G1 virtual space
# Possible reasons:
#   The system is out of physical RAM or swap space
#   This process is running with CompressedOops enabled, and the Java Heap may be blocking the growth of the native heap
# Possible solutions:
#   Reduce memory load on the system
#   Increase physical memory or swap space
#   Check if swap backing store is full
#   Decrease Java heap size (-Xmx/-Xms)
#   Decrease number of Java threads
#   Decrease Java thread stack sizes (-Xss)
#   Set larger code cache with -XX:ReservedCodeCacheSize=
#   JVM is running with Zero Based Compressed Oops mode in which the Java heap is
#     placed in the first 32GB address space. The Java Heap base address is the
#     maximum limit for the native heap growth. Please use -XX:HeapBaseMinAddress
#     to set the Java Heap base and to place the Java Heap above 32GB virtual address.
# This output file may be truncated or incomplete.
#
#  Out of Memory Error (os_windows.cpp:3616), pid=7204, tid=30620
#
# JRE version: OpenJDK Runtime Environment (21.0.4+9) (build 21.0.4+9-LTS)
# Java VM: OpenJDK 64-Bit Server VM (21.0.4+9-LTS, mixed mode, sharing, tiered, compressed oops, compressed class ptrs, g1 gc, windows-amd64)
# No core dump will be written. Minidumps are not enabled by default on client versions of Windows
#

---------------  S U M M A R Y ------------

Command Line: --add-opens=java.base/java.util=ALL-UNNAMED --add-opens=java.base/java.lang=ALL-UNNAMED --add-opens=java.base/java.lang.invoke=ALL-UNNAMED --add-opens=java.prefs/java.util.prefs=ALL-UNNAMED --add-opens=java.base/java.nio.charset=ALL-UNNAMED --add-opens=java.base/java.net=ALL-UNNAMED --add-opens=java.base/java.util.concurrent.atomic=ALL-UNNAMED -Xmx3G -Dfile.encoding=GBK -Duser.country=CN -Duser.language=zh -Duser.variant -javaagent:D:\Gradle\.gradle\wrapper\dists\gradle-8.8-bin\dl7vupf4psengwqhwktix4v1\gradle-8.8\lib\agents\gradle-instrumentation-agent-8.8.jar org.gradle.launcher.daemon.bootstrap.GradleDaemon 8.8

Host: 12th Gen Intel(R) Core(TM) i7-12700H, 20 cores, 15G,  Windows 11 , 64 bit Build 26100 (10.0.26100.4484)
Time: Sat Aug 30 14:48:57 2025  Windows 11 , 64 bit Build 26100 (10.0.26100.4484) elapsed time: 11.660718 seconds (0d 0h 0m 11s)

---------------  T H R E A D  ---------------

Current thread (0x0000020528141b90):  JavaThread "Unconstrained build operations Thread 72"        [_thread_in_vm, id=30620, stack(0x0000000ff4f00000,0x0000000ff5000000) (1024K)]

Stack: [0x0000000ff4f00000,0x0000000ff5000000]
Native frames: (J=compiled Java code, j=interpreted, Vv=VM code, C=native code)
V  [jvm.dll+0x6d3289]
V  [jvm.dll+0x8adec1]
V  [jvm.dll+0x8b022e]
V  [jvm.dll+0x8b0913]
V  [jvm.dll+0x283506]
V  [jvm.dll+0x6cf935]
V  [jvm.dll+0x6c432a]
V  [jvm.dll+0x35a7ea]
V  [jvm.dll+0x3623c6]
V  [jvm.dll+0x3b398b]
V  [jvm.dll+0x3b4024]
V  [jvm.dll+0x3b3b96]
V  [jvm.dll+0x32e5ae]
V  [jvm.dll+0x32c86f]
V  [jvm.dll+0x663860]
V  [jvm.dll+0x242a42]
V  [jvm.dll+0x872e67]
V  [jvm.dll+0x3dbc9a]
C  0x00000204d09daa89

The last pc belongs to newarray (printed below).
Java frames: (J=compiled Java code, j=interpreted, Vv=VM code)
j  java.nio.file.Files.read(Ljava/io/InputStream;I)[B+3 java.base@21.0.4
j  java.nio.file.Files.readAllBytes(Ljava/nio/file/Path;)[B+57 java.base@21.0.4
j  org.gradle.internal.classpath.declarations.NioFileInterceptors.intercept_readAllBytes(Ljava/nio/file/Path;Ljava/lang/String;)[B+6
j  net.minecraftforge.gradle.common.util.HashFunction.hash(Ljava/nio/file/Path;)Ljava/lang/String;+4
j  net.minecraftforge.gradle.common.util.HashFunction.hash(Ljava/io/File;)Ljava/lang/String;+5
j  net.minecraftforge.gradle.common.util.MinecraftRepo.findDownloadEntry(Ljava/lang/String;Ljava/io/File;Ljava/lang/String;Ljava/io/File;)Ljava/io/File;+96
j  net.minecraftforge.gradle.common.util.MinecraftRepo.findRaw(Ljava/lang/String;Ljava/lang/String;Ljava/io/File;)Ljava/io/File;+53
j  net.minecraftforge.gradle.common.util.MinecraftRepo.findExtra(Ljava/lang/String;Ljava/lang/String;ZLjava/io/File;)Ljava/io/File;+28
j  net.minecraftforge.gradle.common.util.MinecraftRepo.findFile(Lnet/minecraftforge/artifactural/api/artifact/ArtifactIdentifier;)Ljava/io/File;+466
j  net.minecraftforge.gradle.common.util.BaseRepo.getArtifact(Lnet/minecraftforge/artifactural/api/artifact/ArtifactIdentifier;)Lnet/minecraftforge/artifactural/api/artifact/Artifact;+135
j  net.minecraftforge.gradle.common.util.BaseRepo.getArtifact(Ljava/lang/Object;)Lnet/minecraftforge/artifactural/api/artifact/Artifact;+5
j  net.minecraftforge.gradle.common.util.BaseRepo$Builder.lambda$null$0(Lnet/minecraftforge/artifactural/api/artifact/ArtifactIdentifier;Lnet/minecraftforge/artifactural/api/repository/ArtifactProvider;)Lnet/minecraftforge/artifactural/api/artifact/Artifact;+2
j  net.minecraftforge.gradle.common.util.BaseRepo$Builder$$Lambda+0x00000204e2bf3aa0.apply(Ljava/lang/Object;)Ljava/lang/Object;+8
J 7496 c2 java.util.ArrayList$ArrayListSpliterator.tryAdvance(Ljava/util/function/Consumer;)Z java.base@21.0.4 (79 bytes) @ 0x00000204d14c3b10 [0x00000204d14c3a40+0x00000000000000d0]
J 9941 c2 java.util.stream.AbstractPipeline.wrapAndCopyInto(Ljava/util/stream/Sink;Ljava/util/Spliterator;)Ljava/util/stream/Sink; java.base@21.0.4 (18 bytes) @ 0x00000204d11ab22c [0x00000204d11aae40+0x00000000000003ec]
j  java.util.stream.FindOps$FindOp.evaluateSequential(Ljava/util/stream/PipelineHelper;Ljava/util/Spliterator;)Ljava/lang/Object;+14 java.base@21.0.4
J 4966 c2 java.util.stream.AbstractPipeline.evaluate(Ljava/util/stream/TerminalOp;)Ljava/lang/Object; java.base@21.0.4 (94 bytes) @ 0x00000204d13a1b48 [0x00000204d13a1a40+0x0000000000000108]
j  java.util.stream.ReferencePipeline.findFirst()Ljava/util/Optional;+5 java.base@21.0.4
j  net.minecraftforge.gradle.common.util.BaseRepo$Builder.lambda$attach$2(Lnet/minecraftforge/artifactural/api/artifact/ArtifactIdentifier;)Lnet/minecraftforge/artifactural/api/artifact/Artifact;+30
j  net.minecraftforge.gradle.common.util.BaseRepo$Builder$$Lambda+0x00000204e28de220.getArtifact(Ljava/lang/Object;)Lnet/minecraftforge/artifactural/api/artifact/Artifact;+8
j  net.minecraftforge.artifactural.base.repository.ArtifactProviderBuilder$Complete.getArtifact(Ljava/lang/Object;)Lnet/minecraftforge/artifactural/api/artifact/Artifact;+52
j  net.minecraftforge.artifactural.base.repository.SimpleRepository.getArtifact(Lnet/minecraftforge/artifactural/api/artifact/ArtifactIdentifier;)Lnet/minecraftforge/artifactural/api/artifact/Artifact;+5
j  net.minecraftforge.artifactural.gradle.GradleRepositoryAdapter$GeneratingFileResourceRepository.findArtifact(Ljava/lang/String;)Lorg/gradle/internal/resource/local/LocallyAvailableExternalResource;+122
j  net.minecraftforge.artifactural.gradle.GradleRepositoryAdapter$GeneratingFileResourceRepository.resource(Lorg/gradle/internal/resource/ExternalResourceName;Z)Lorg/gradle/internal/resource/local/LocallyAvailableExternalResource;+47
j  net.minecraftforge.artifactural.gradle.GradleRepositoryAdapter$GeneratingFileResourceRepository.resource(Lorg/gradle/internal/resource/ExternalResourceName;)Lorg/gradle/internal/resource/local/LocallyAvailableExternalResource;+3
j  org.gradle.internal.resource.transport.file.FileTransport$FileCacheAwareExternalResourceAccessor.getResource(Lorg/gradle/internal/resource/ExternalResourceName;Ljava/lang/String;Lorg/gradle/internal/resource/transfer/CacheAwareExternalResourceAccessor$ResourceFileStore;Lorg/gradle/internal/resource/local/LocallyAvailableResourceCandidates;)Lorg/gradle/internal/resource/local/LocallyAvailableExternalResource;+8
j  org.gradle.api.internal.artifacts.repositories.resolver.DefaultExternalResourceArtifactResolver.downloadByCoords(Ljava/util/List;Lorg/gradle/internal/component/external/model/ModuleComponentArtifactMetadata;Lorg/gradle/internal/resolve/result/ResourceAwareResolveResult;)Lorg/gradle/internal/resource/local/LocallyAvailableExternalResource;+99
j  org.gradle.api.internal.artifacts.repositories.resolver.DefaultExternalResourceArtifactResolver.downloadStaticResource(Ljava/util/List;Lorg/gradle/internal/component/external/model/ModuleComponentArtifactMetadata;Lorg/gradle/internal/resolve/result/ResourceAwareResolveResult;)Lorg/gradle/internal/resource/local/LocallyAvailableExternalResource;+26
j  org.gradle.api.internal.artifacts.repositories.resolver.DefaultExternalResourceArtifactResolver.resolveArtifact(Lorg/gradle/internal/component/external/model/ModuleComponentArtifactMetadata;Lorg/gradle/internal/resolve/result/ResourceAwareResolveResult;)Lorg/gradle/internal/resource/local/LocallyAvailableExternalResource;+25
j  org.gradle.api.internal.artifacts.repositories.resolver.ExternalResourceResolver$RemoteRepositoryAccess.resolveArtifact(Lorg/gradle/internal/component/model/ComponentArtifactMetadata;Lorg/gradle/internal/component/model/ModuleSources;Lorg/gradle/internal/resolve/result/BuildableArtifactFileResolveResult;)V+160
j  net.minecraftforge.artifactural.gradle.GradleRepositoryAdapter$1$1.resolveArtifact(Lorg/gradle/internal/component/model/ComponentArtifactMetadata;Lorg/gradle/internal/component/model/ModuleSources;Lorg/gradle/internal/resolve/result/BuildableArtifactFileResolveResult;)V+7
j  org.gradle.api.internal.artifacts.ivyservice.ivyresolve.CachingModuleComponentRepository$ResolveAndCacheRepositoryAccess.resolveArtifact(Lorg/gradle/internal/component/model/ComponentArtifactMetadata;Lorg/gradle/internal/component/model/ModuleSources;Lorg/gradle/internal/resolve/result/BuildableArtifactFileResolveResult;)V+15
j  org.gradle.api.internal.artifacts.ivyservice.ivyresolve.LocalModuleComponentRepository$LocalAccess.resolveArtifact(Lorg/gradle/internal/component/model/ComponentArtifactMetadata;Lorg/gradle/internal/component/model/ModuleSources;Lorg/gradle/internal/resolve/result/BuildableArtifactFileResolveResult;)V+44
j  org.gradle.api.internal.artifacts.ivyservice.ivyresolve.ErrorHandlingModuleComponentRepository$ErrorHandlingModuleComponentRepositoryAccess.lambda$resolveArtifact$12(Lorg/gradle/internal/component/model/ComponentArtifactMetadata;Lorg/gradle/internal/component/model/ModuleSources;Lorg/gradle/internal/resolve/result/BuildableArtifactFileResolveResult;)Lorg/gradle/internal/resolve/ArtifactResolveException;+7
j  org.gradle.api.internal.artifacts.ivyservice.ivyresolve.ErrorHandlingModuleComponentRepository$ErrorHandlingModuleComponentRepositoryAccess$$Lambda+0x00000204e267d528.call()Ljava/lang/Object;+16
J 9881 c1 org.gradle.api.internal.artifacts.ivyservice.ivyresolve.ErrorHandlingModuleComponentRepository$ErrorHandlingModuleComponentRepositoryAccess.tryResolveAndMaybeDisable(Lorg/gradle/internal/resolve/result/ErroringResolveResult;Ljava/util/concurrent/Callable;Lorg/gradle/api/Transformer;)V (229 bytes) @ 0x00000204c9a81284 [0x00000204c9a81100+0x0000000000000184]
j  org.gradle.api.internal.artifacts.ivyservice.ivyresolve.ErrorHandlingModuleComponentRepository$ErrorHandlingModuleComponentRepositoryAccess.performOperationWithRetries(Lorg/gradle/internal/resolve/result/ErroringResolveResult;Ljava/util/concurrent/Callable;Lorg/gradle/api/Transformer;Lorg/gradle/api/Transformer;)V+15
j  org.gradle.api.internal.artifacts.ivyservice.ivyresolve.ErrorHandlingModuleComponentRepository$ErrorHandlingModuleComponentRepositoryAccess.resolveArtifact(Lorg/gradle/internal/component/model/ComponentArtifactMetadata;Lorg/gradle/internal/component/model/ModuleSources;Lorg/gradle/internal/resolve/result/BuildableArtifactFileResolveResult;)V+24
j  org.gradle.api.internal.artifacts.ivyservice.ivyresolve.FilteredModuleComponentRepository$FilteringAccess.resolveArtifact(Lorg/gradle/internal/component/model/ComponentArtifactMetadata;Lorg/gradle/internal/component/model/ModuleSources;Lorg/gradle/internal/resolve/result/BuildableArtifactFileResolveResult;)V+7
j  org.gradle.api.internal.artifacts.ivyservice.ivyresolve.RepositoryChainArtifactResolver.resolveArtifactLater(Lorg/gradle/internal/component/model/ComponentArtifactMetadata;Lorg/gradle/internal/component/model/ModuleSources;Lorg/gradle/api/internal/artifacts/ivyservice/ivyresolve/ModuleComponentRepository;)Ljava/io/File;+19
j  org.gradle.api.internal.artifacts.ivyservice.ivyresolve.RepositoryChainArtifactResolver.lambda$resolveArtifact$0(Lorg/gradle/internal/component/model/ComponentArtifactMetadata;Lorg/gradle/internal/component/model/ComponentArtifactResolveMetadata;Lorg/gradle/api/internal/artifacts/ivyservice/ivyresolve/ModuleComponentRepository;)Ljava/io/File;+9
j  org.gradle.api.internal.artifacts.ivyservice.ivyresolve.RepositoryChainArtifactResolver$$Lambda+0x00000204e267c838.get()Ljava/lang/Object;+16
J 10632 c1 org.gradle.internal.model.CalculatedValueContainerFactory$SupplierBackedCalculator.calculateValue(Lorg/gradle/api/internal/tasks/NodeExecutionContext;)Ljava/lang/Object; (10 bytes) @ 0x00000204ca6444d4 [0x00000204ca6443c0+0x0000000000000114]
J 10157 c1 org.gradle.internal.model.CalculatedValueContainer$CalculationState.lambda$attachValue$0(Lorg/gradle/api/internal/tasks/NodeExecutionContext;)Ljava/lang/Object; (52 bytes) @ 0x00000204c9d28b7c [0x00000204c9d28a20+0x000000000000015c]
J 10156 c1 org.gradle.internal.model.CalculatedValueContainer$CalculationState$$Lambda+0x00000204e261a560.call()Ljava/lang/Object; (12 bytes) @ 0x00000204c9d2a1d4 [0x00000204c9d2a140+0x0000000000000094]
J 10660 c1 org.gradle.internal.model.CalculatedValueContainer$CalculationState.attachValue(Lorg/gradle/internal/model/CalculatedValueContainer;Lorg/gradle/api/internal/tasks/NodeExecutionContext;)V (61 bytes) @ 0x00000204ca659cd4 [0x00000204ca6591e0+0x0000000000000af4]
J 6595 c1 org.gradle.internal.model.CalculatedValueContainer.finalizeIfNotAlready()V (6 bytes) @ 0x00000204ca104a64 [0x00000204ca104940+0x0000000000000124]
j  org.gradle.api.internal.artifacts.ivyservice.resolveengine.artifact.ArtifactBackedResolvedVariant$DownloadArtifactFile.run(Lorg/gradle/internal/operations/BuildOperationContext;)V+9
j  org.gradle.internal.operations.DefaultBuildOperationExecutor$$Lambda+0x00000204e26cf4d0.execute(Lorg/gradle/internal/operations/BuildOperation;Lorg/gradle/internal/operations/BuildOperationContext;)V+5
J 7190 c1 org.gradle.internal.operations.DefaultBuildOperationRunner$2.execute(Lorg/gradle/internal/operations/BuildOperationDescriptor;Lorg/gradle/internal/operations/BuildOperationState;Lorg/gradle/internal/operations/BuildOperationState;Lorg/gradle/internal/operations/DefaultBuildOperationRunner$ReadableBuildOperationContext;Lorg/gradle/internal/operations/DefaultBuildOperationRunner$BuildOperationExecutionListener;)Lorg/gradle/internal/operations/BuildOperation; (110 bytes) @ 0x00000204ca2253cc [0x00000204ca2251c0+0x000000000000020c]
J 7189 c1 org.gradle.internal.operations.DefaultBuildOperationRunner$2.execute(Lorg/gradle/internal/operations/BuildOperationDescriptor;Lorg/gradle/internal/operations/BuildOperationState;Lorg/gradle/internal/operations/BuildOperationState;Lorg/gradle/internal/operations/DefaultBuildOperationRunner$ReadableBuildOperationContext;Lorg/gradle/internal/operations/DefaultBuildOperationRunner$BuildOperationExecutionListener;)Ljava/lang/Object; (12 bytes) @ 0x00000204ca22453c [0x00000204ca2244c0+0x000000000000007c]
J 7184 c1 org.gradle.internal.operations.DefaultBuildOperationRunner.execute(Lorg/gradle/internal/operations/BuildOperationDescriptor$Builder;Lorg/gradle/internal/operations/BuildOperationState;Lorg/gradle/internal/operations/DefaultBuildOperationRunner$BuildOperationExecution;)Ljava/lang/Object; (147 bytes) @ 0x00000204ca20e98c [0x00000204ca20dde0+0x0000000000000bac]
J 7182 c1 org.gradle.internal.operations.DefaultBuildOperationRunner.execute(Lorg/gradle/internal/operations/BuildOperation;Lorg/gradle/internal/operations/BuildOperationWorker;Lorg/gradle/internal/operations/BuildOperationState;)V (23 bytes) @ 0x00000204ca20d124 [0x00000204ca20ce60+0x00000000000002c4]
j  org.gradle.internal.operations.DefaultBuildOperationExecutor$QueueWorker.execute(Lorg/gradle/internal/operations/BuildOperation;)V+16
j  org.gradle.internal.operations.DefaultBuildOperationQueue$WorkerRunnable.runOperation(Lorg/gradle/internal/operations/BuildOperation;)V+8
j  org.gradle.internal.operations.DefaultBuildOperationQueue$WorkerRunnable.doRunBatch(Lorg/gradle/internal/operations/BuildOperation;)I+28
j  org.gradle.internal.operations.DefaultBuildOperationQueue$WorkerRunnable.lambda$runBatch$0(Lorg/gradle/internal/operations/BuildOperation;)Ljava/lang/Integer;+2
j  org.gradle.internal.operations.DefaultBuildOperationQueue$WorkerRunnable$$Lambda+0x00000204e26d4440.create()Ljava/lang/Object;+8
j  org.gradle.internal.resources.AbstractResourceLockRegistry.whileDisallowingLockChanges(Lorg/gradle/internal/Factory;)Ljava/lang/Object;+17
j  org.gradle.internal.work.DefaultWorkerLeaseService.whileDisallowingProjectLockChanges(Lorg/gradle/internal/Factory;)Ljava/lang/Object;+14
j  org.gradle.internal.operations.DefaultBuildOperationQueue$WorkerRunnable.lambda$runBatch$1(Lorg/gradle/internal/operations/BuildOperation;)Ljava/lang/Integer;+33
j  org.gradle.internal.operations.DefaultBuildOperationQueue$WorkerRunnable$$Lambda+0x00000204e26d4000.create()Ljava/lang/Object;+8
j  org.gradle.internal.work.DefaultWorkerLeaseService.withLocks(Ljava/util/Collection;Lorg/gradle/internal/Factory;)Ljava/lang/Object;+28
j  org.gradle.internal.work.DefaultWorkerLeaseService.runAsWorkerThread(Lorg/gradle/internal/Factory;)Ljava/lang/Object;+33
j  org.gradle.internal.operations.DefaultBuildOperationQueue$WorkerRunnable.runBatch(Lorg/gradle/internal/operations/BuildOperation;)V+18
j  org.gradle.internal.operations.DefaultBuildOperationQueue$WorkerRunnable.run()V+11
J 6637 c1 org.gradle.internal.concurrent.ExecutorPolicy$CatchAndRecordFailures.onExecute(Ljava/lang/Runnable;)V (29 bytes) @ 0x00000204ca114ee4 [0x00000204ca114dc0+0x0000000000000124]
j  org.gradle.internal.concurrent.AbstractManagedExecutor$1.run()V+25
j  java.util.concurrent.ThreadPoolExecutor.runWorker(Ljava/util/concurrent/ThreadPoolExecutor$Worker;)V+92 java.base@21.0.4
j  java.util.concurrent.ThreadPoolExecutor$Worker.run()V+5 java.base@21.0.4
j  java.lang.Thread.runWith(Ljava/lang/Object;Ljava/lang/Runnable;)V+5 java.base@21.0.4
j  java.lang.Thread.run()V+19 java.base@21.0.4
v  ~StubRoutines::call_stub 0x00000204d09c100d
newarray  188 newarray  [0x00000204d09daa20, 0x00000204d09daaf8]  216 bytes
[MachCode]
  0x00000204d09daa20: 8b04 2448 | 83c4 0841 | 0fb6 5501 | e805 0000 | 00e9 ab00 | 0000 4c8b | c048 8d44 | 2408 4c89 
  0x00000204d09daa40: 6dc0 498b | cfc5 f877 | 4989 afa8 | 0300 0049 | 8987 9803 | 0000 4883 | ec20 40f6 | c40f 0f84 
  0x00000204d09daa60: 1900 0000 | 4883 ec08 | 48b8 70bc | bfad fe7f | 0000 ffd0 | 4883 c408 | e90c 0000 | 0048 b870 
  0x00000204d09daa80: bcbf adfe | 7f00 00ff | d048 83c4 | 2049 c787 | 9803 0000 | 0000 0000 | 49c7 87a8 | 0300 0000 
  0x00000204d09daaa0: 0000 0049 | c787 a003 | 0000 0000 | 0000 c5f8 | 7749 837f | 0800 0f84 | 0500 0000 | e93f 64fe 
  0x00000204d09daac0: ff49 8b87 | f003 0000 | 49c7 87f0 | 0300 0000 | 0000 004c | 8b6d c04c | 8b75 c84e | 8d74 f500 
  0x00000204d09daae0: c341 0fb6 | 5d02 4983 | c502 49ba | 0052 4fae | fe7f 0000 | 41ff 24da 
[/MachCode]

Compiled method (c2)   11688 7496       4       java.util.ArrayList$ArrayListSpliterator::tryAdvance (79 bytes)
 total in heap  [0x00000204d14c3890,0x00000204d14c3eb8] = 1576
 relocation     [0x00000204d14c39e8,0x00000204d14c3a38] = 80
 main code      [0x00000204d14c3a40,0x00000204d14c3c70] = 560
 stub code      [0x00000204d14c3c70,0x00000204d14c3c88] = 24
 metadata       [0x00000204d14c3c88,0x00000204d14c3ca8] = 32
 scopes data    [0x00000204d14c3ca8,0x00000204d14c3d60] = 184
 scopes pcs     [0x00000204d14c3d60,0x00000204d14c3e30] = 208
 dependencies   [0x00000204d14c3e30,0x00000204d14c3e38] = 8
 handler table  [0x00000204d14c3e38,0x00000204d14c3e80] = 72
 nul chk table  [0x00000204d14c3e80,0x00000204d14c3eb8] = 56

[Constant Pool (empty)]

[MachCode]
[Entry Point]
  # {method} {0x00000204e118b748} 'tryAdvance' '(Ljava/util/function/Consumer;)Z' in 'java/util/ArrayList$ArrayListSpliterator'
  # this:     rdx:rdx   = 'java/util/ArrayList$ArrayListSpliterator'
  # parm0:    r8:r8     = 'java/util/function/Consumer'
  #           [sp+0x40]  (sp of caller)
  0x00000204d14c3a40: 448b 5208 | 49bb 0000 | 00e1 0402 | 0000 4d03 | d349 3bc2 

  0x00000204d14c3a54: ;   {runtime_call ic_miss_stub}
  0x00000204d14c3a54: 0f85 26ad | 54ff 6690 | 0f1f 4000 
[Verified Entry Point]
  0x00000204d14c3a60: 8984 2400 | 80ff ff55 | 4883 ec30 | 4181 7f20 | 0c00 0000 | 0f85 ec01 | 0000 4889 | 1424 498b 
  0x00000204d14c3a80: c845 8b48 | 088b 5a10 | 448b 4218 | 85db 7d11 

  0x00000204d14c3a90: ; implicit exception: dispatches to 0x00000204d14c3c3c
  0x00000204d14c3a90: 438b 5cc4 | 1089 5a10 | 478b 5cc4 | 0c44 895a | 148b 7a0c | 3bfb 7c07 | 33c0 e9a8 | 0000 0044 
  0x00000204d14c3ab0: 8d5f 0144 | 895a 0c43 | 8b6c c414 

  0x00000204d14c3abc: ; implicit exception: dispatches to 0x00000204d14c3bd4
  0x00000204d14c3abc: 458b 5cec | 0c41 3bfb | 0f83 c000 | 0000 4d8d | 14ec 458b | 54ba 104d | 8bc2 49c1 

  0x00000204d14c3ad8: ;   {metadata('java/util/stream/ReferencePipeline$3$1')}
  0x00000204d14c3ad8: e003 4181 | f978 fe35 | 000f 8583 | 0000 004c | 8bd1 458b | 4a10 478b | 5ccc 3441 | 8b6a 0c49 
  0x00000204d14c3af8: 8bd3 48c1 | e203 6666 | 9048 b8b0 | 00ba 2805 

  0x00000204d14c3b08: ;   {virtual_call}
  0x00000204d14c3b08: 0200 00e8 

  0x00000204d14c3b0c: ; ImmutableOopMap {rbp=NarrowOop [0]=Oop }
                      ;*invokeinterface apply {reexecute=0 rethrow=0 return_oop=1}
                      ; - java.util.stream.ReferencePipeline$3$1::accept@12 (line 197)
                      ; - java.util.ArrayList$ArrayListSpliterator::tryAdvance@48 (line 1685)
  0x00000204d14c3b0c: a506 55ff 

  0x00000204d14c3b10: ;   {other}
  0x00000204d14c3b10: 0f1f 8400 | 8002 0000 | 4c8b c048 | 8bd5 48c1 | e203 6666 | 9048 b860 | 0336 e104 

  0x00000204d14c3b2c: ;   {virtual_call}
  0x00000204d14c3b2c: 0200 00e8 

  0x00000204d14c3b30: ; ImmutableOopMap {[0]=Oop }
                      ;*invokeinterface accept {reexecute=0 rethrow=0 return_oop=0}
                      ; - java.util.stream.ReferencePipeline$3$1::accept@17 (line 197)
                      ; - java.util.ArrayList$ArrayListSpliterator::tryAdvance@48 (line 1685)
  0x00000204d14c3b30: 6cc1 ccff 

  0x00000204d14c3b34: ;   {other}
  0x00000204d14c3b34: 0f1f 8400 | a402 0001 | 4c8b 1424 | 458b 5a18 

  0x00000204d14c3b44: ; implicit exception: dispatches to 0x00000204d14c3be8
  0x00000204d14c3b44: 478b 5cdc | 0c41 8b6a | 1444 3bdd | 7556 b801 | 0000 0048 | 83c4 305d 

  0x00000204d14c3b5c: ;   {poll_return}
  0x00000204d14c3b5c: 493b a750 | 0400 000f | 87e7 0000 | 00c3 488b | d148 8b2c | 2448 b818 | 2417 e204 

  0x00000204d14c3b78: ;   {virtual_call}
  0x00000204d14c3b78: 0200 00e8 

  0x00000204d14c3b7c: ; ImmutableOopMap {rbp=Oop [0]=Oop }
                      ;*invokeinterface accept {reexecute=0 rethrow=0 return_oop=0}
                      ; - java.util.ArrayList$ArrayListSpliterator::tryAdvance@48 (line 1685)
  0x00000204d14c3b7c: 402b ccff 

  0x00000204d14c3b80: ;   {other}
  0x00000204d14c3b80: 0f1f 8400 | f002 0002 | ebb2 bae4 | ffff ff48 | 894c 2408 | 897c 2410 

  0x00000204d14c3b98: ;   {runtime_call UncommonTrapBlob}
  0x00000204d14c3b98: 6666 90e8 

  0x00000204d14c3b9c: ; ImmutableOopMap {rbp=NarrowOop [0]=Oop [8]=Oop }
                      ;*aaload {reexecute=0 rethrow=0 return_oop=0}
                      ; - java.util.ArrayList$ArrayListSpliterator::tryAdvance@42 (line 1684)
  0x00000204d14c3b9c: 600a 55ff 

  0x00000204d14c3ba0: ;   {other}
  0x00000204d14c3ba0: 0f1f 8400 | 1003 0003 | ba45 ffff | ff44 891c 

  0x00000204d14c3bb0: ;   {runtime_call UncommonTrapBlob}
  0x00000204d14c3bb0: 2466 90e8 

  0x00000204d14c3bb4: ; ImmutableOopMap {}
                      ;*if_icmpeq {reexecute=1 rethrow=0 return_oop=0}
                      ; - (reexecute) java.util.ArrayList$ArrayListSpliterator::tryAdvance@64 (line 1686)
  0x00000204d14c3bb4: 480a 55ff 

  0x00000204d14c3bb8: ;   {other}
  0x00000204d14c3bb8: 0f1f 8400 | 2803 0004 | baf6 ffff 

  0x00000204d14c3bc4: ;   {runtime_call UncommonTrapBlob}
  0x00000204d14c3bc4: ff66 90e8 

  0x00000204d14c3bc8: ; ImmutableOopMap {}
                      ;*getfield elementData {reexecute=1 rethrow=0 return_oop=0}
                      ; - (reexecute) java.util.ArrayList$ArrayListSpliterator::tryAdvance@38 (line 1684)
  0x00000204d14c3bc8: 340a 55ff 

  0x00000204d14c3bcc: ;   {other}
  0x00000204d14c3bcc: 0f1f 8400 | 3c03 0005 | baf6 ffff 

  0x00000204d14c3bd8: ;   {runtime_call UncommonTrapBlob}
  0x00000204d14c3bd8: ff8b efe8 

  0x00000204d14c3bdc: ; ImmutableOopMap {}
                      ;*aaload {reexecute=0 rethrow=0 return_oop=0}
                      ; - java.util.ArrayList$ArrayListSpliterator::tryAdvance@42 (line 1684)
  0x00000204d14c3bdc: 200a 55ff 

  0x00000204d14c3be0: ;   {other}
  0x00000204d14c3be0: 0f1f 8400 | 5003 0006 | baf6 ffff 

  0x00000204d14c3bec: ;   {runtime_call UncommonTrapBlob}
  0x00000204d14c3bec: ff66 90e8 

  0x00000204d14c3bf0: ; ImmutableOopMap {}
                      ;*getfield modCount {reexecute=1 rethrow=0 return_oop=0}
                      ; - (reexecute) java.util.ArrayList$ArrayListSpliterator::tryAdvance@57 (line 1686)
  0x00000204d14c3bf0: 0c0a 55ff 

  0x00000204d14c3bf4: ;   {other}
  0x00000204d14c3bf4: 0f1f 8400 | 6403 0007 | baf6 ffff 

  0x00000204d14c3c00: ;   {runtime_call UncommonTrapBlob}
  0x00000204d14c3c00: ff66 90e8 

  0x00000204d14c3c04: ; ImmutableOopMap {}
                      ;*getfield val$mapper {reexecute=1 rethrow=0 return_oop=0}
                      ; - (reexecute) java.util.stream.ReferencePipeline$3$1::accept@8 (line 197)
                      ; - java.util.ArrayList$ArrayListSpliterator::tryAdvance@48 (line 1685)
  0x00000204d14c3c04: f809 55ff 

  0x00000204d14c3c08: ;   {other}
  0x00000204d14c3c08: 0f1f 8400 | 7803 0008 | 488b d0eb | 05eb 0048 | 8bd0 4883 

  0x00000204d14c3c1c: ;   {runtime_call _rethrow_Java}
  0x00000204d14c3c1c: c430 5de9 | dc07 6bff | ba45 ffff | ff4c 8904 

  0x00000204d14c3c2c: ;   {runtime_call UncommonTrapBlob}
  0x00000204d14c3c2c: 2466 90e8 

  0x00000204d14c3c30: ; ImmutableOopMap {[0]=Oop }
                      ;*ifnonnull {reexecute=1 rethrow=0 return_oop=0}
                      ; - (reexecute) java.util.ArrayList$ArrayListSpliterator::tryAdvance@1 (line 1679)
  0x00000204d14c3c30: cc09 55ff 

  0x00000204d14c3c34: ;   {other}
  0x00000204d14c3c34: 0f1f 8400 | a403 0009 | baf6 ffff 

  0x00000204d14c3c40: ;   {runtime_call UncommonTrapBlob}
  0x00000204d14c3c40: ff66 90e8 

  0x00000204d14c3c44: ; ImmutableOopMap {}
                      ;*getfield modCount {reexecute=1 rethrow=0 return_oop=0}
                      ; - (reexecute) java.util.ArrayList$ArrayListSpliterator::getFence@14 (line 1666)
                      ; - java.util.ArrayList$ArrayListSpliterator::tryAdvance@13 (line 1681)
  0x00000204d14c3c44: b809 55ff 

  0x00000204d14c3c48: ;   {other}
  0x00000204d14c3c48: 0f1f 8400 | b803 000a 

  0x00000204d14c3c50: ;   {internal_word}
  0x00000204d14c3c50: 49ba 5c3b | 4cd1 0402 | 0000 4d89 | 9768 0400 

  0x00000204d14c3c60: ;   {runtime_call SafepointBlob}
  0x00000204d14c3c60: 00e9 9a1a 

  0x00000204d14c3c64: ;   {runtime_call StubRoutines (final stubs)}
  0x00000204d14c3c64: 55ff e8f5 | 1053 ffe9 | 0afe ffff 
[Exception Handler]
  0x00000204d14c3c70: ;   {no_reloc}
  0x00000204d14c3c70: e98b b361 | ffe8 0000 | 0000 4883 

  0x00000204d14c3c7c: ;   {runtime_call DeoptimizationBlob}
  0x00000204d14c3c7c: 2c24 05e9 | 1c0d 55ff | f4f4 f4f4 
[/MachCode]


Compiled method (c2)   11693 9941       4       java.util.stream.AbstractPipeline::wrapAndCopyInto (18 bytes)
 total in heap  [0x00000204d11aac10,0x00000204d11ab9f8] = 3560
 relocation     [0x00000204d11aad68,0x00000204d11aae30] = 200
 main code      [0x00000204d11aae40,0x00000204d11ab3a8] = 1384
 stub code      [0x00000204d11ab3a8,0x00000204d11ab3e0] = 56
 metadata       [0x00000204d11ab3e0,0x00000204d11ab438] = 88
 scopes data    [0x00000204d11ab438,0x00000204d11ab660] = 552
 scopes pcs     [0x00000204d11ab660,0x00000204d11ab830] = 464
 dependencies   [0x00000204d11ab830,0x00000204d11ab838] = 8
 handler table  [0x00000204d11ab838,0x00000204d11ab9d0] = 408
 nul chk table  [0x00000204d11ab9d0,0x00000204d11ab9f8] = 40

[Constant Pool (empty)]

[MachCode]
[Entry Point]
  # {method} {0x00000204e10e6960} 'wrapAndCopyInto' '(Ljava/util/stream/Sink;Ljava/util/Spliterator;)Ljava/util/stream/Sink;' in 'java/util/stream/AbstractPipeline'
  # this:     rdx:rdx   = 'java/util/stream/AbstractPipeline'
  # parm0:    r8:r8     = 'java/util/stream/Sink'
  # parm1:    r9:r9     = 'java/util/Spliterator'
  #           [sp+0x50]  (sp of caller)
  0x00000204d11aae40: 448b 5208 | 49bb 0000 | 00e1 0402 | 0000 4d03 | d349 3bc2 

  0x00000204d11aae54: ;   {runtime_call ic_miss_stub}
  0x00000204d11aae54: 0f85 2639 | 86ff 6690 | 0f1f 4000 
[Verified Entry Point]
  0x00000204d11aae60: 8984 2400 | 80ff ff55 | 4883 ec40 | 4181 7f20 | 0c00 0000 | 0f85 2005 | 0000 4c8b | d24c 894c 
  0x00000204d11aae80: 2410 4c89 | 4424 1845 

  0x00000204d11aae88: ;   {metadata('java/util/stream/Sink')}
  0x00000204d11aae88: 8b40 0848 | b878 5534 | e104 0200 | 0048 be00 | 0000 e104 | 0200 0049 | 03f0 4c8b | 5e20 4c3b 
  0x00000204d11aaea8: d80f 8512 | 0200 004c | 8b4c 2418 | 488b ea44 | 8b5a 1045 | 85db 7f0d | 4c89 0c24 | eb5f 4f8d 
  0x00000204d11aaec8: 14c4 4c8b | c84c 8914 | 2445 8b52 | 2047 8b44 | d414 488b | 1424 6666 | 9048 b8ff | ffff ffff 
  0x00000204d11aaee8: ;   {virtual_call}
  0x00000204d11aaee8: ffff ffe8 

  0x00000204d11aaeec: ; ImmutableOopMap {rbp=Oop [0]=Oop [16]=Oop [24]=Oop }
                      ;*invokevirtual opWrapSink {reexecute=0 rethrow=0 return_oop=1}
                      ; - java.util.stream.AbstractPipeline::wrapSink@23 (line 547)
                      ; - java.util.stream.AbstractPipeline::wrapAndCopyInto@9 (line 499)
  0x00000204d11aaeec: e875 b2ff 

  0x00000204d11aaef0: ;   {other}
  0x00000204d11aaef0: 0f1f 8400 | e002 0000 | 4d8b 9758 | 0400 004c | 8b1c 2445 

  0x00000204d11aaf04: ; ImmutableOopMap {r8=NarrowOop rax=Oop rbp=Oop [16]=Oop [24]=Oop }
                      ;*goto {reexecute=1 rethrow=0 return_oop=0}
                      ; - (reexecute) java.util.stream.AbstractPipeline::wrapSink@32 (line 546)
                      ; - java.util.stream.AbstractPipeline::wrapAndCopyInto@9 (line 499)
                      ;   {poll}
  0x00000204d11aaf04: 8b43 2041 | 8502 478b | 54c4 1045 | 85d2 7fb2 | 4885 c00f | 8497 0300 | 0044 8b5d | 1048 8904 
  0x00000204d11aaf24: ;   {oop(a 'java/util/stream/StreamOpFlag'{0x00000007409eaad8})}
  0x00000204d11aaf24: 2449 bad8 | aa9e 4007 | 0000 0045 | 8b42 2444 | 2345 1445 | 8b52 1c45 | 3bc2 0f84 | 7d00 0000 
  0x00000204d11aaf44: 488b 5424 | 1048 b8a0 | 0d70 2b05 

  0x00000204d11aaf50: ;   {virtual_call}
  0x00000204d11aaf50: 0200 00e8 

  0x00000204d11aaf54: ; ImmutableOopMap {[0]=Oop [16]=Oop [24]=Oop }
                      ;*invokeinterface getExactSizeIfKnown {reexecute=0 rethrow=0 return_oop=0}
                      ; - java.util.stream.AbstractPipeline::copyInto@20 (line 508)
                      ; - java.util.stream.AbstractPipeline::wrapAndCopyInto@13 (line 499)
  0x00000204d11aaf54: 8879 b2ff 

  0x00000204d11aaf58: ;   {other}
  0x00000204d11aaf58: 0f1f 8400 | 4803 0002 | 488b 1424 | 4c8b c066 | 9048 b8b0 | fd6f 2b05 

  0x00000204d11aaf70: ;   {virtual_call}
  0x00000204d11aaf70: 0200 00e8 

  0x00000204d11aaf74: ; ImmutableOopMap {[0]=Oop [16]=Oop [24]=Oop }
                      ;*invokeinterface begin {reexecute=0 rethrow=0 return_oop=0}
                      ; - java.util.stream.AbstractPipeline::copyInto@25 (line 508)
                      ; - java.util.stream.AbstractPipeline::wrapAndCopyInto@13 (line 499)
  0x00000204d11aaf74: 982c 93ff 

  0x00000204d11aaf78: ;   {other}
  0x00000204d11aaf78: 0f1f 8400 | 6803 0003 | 488b 5424 | 104c 8b04 | 2448 b810 | 1070 2b05 

  0x00000204d11aaf90: ;   {virtual_call}
  0x00000204d11aaf90: 0200 00e8 

  0x00000204d11aaf94: ; ImmutableOopMap {[0]=Oop [24]=Oop }
                      ;*invokeinterface forEachRemaining {reexecute=0 rethrow=0 return_oop=0}
                      ; - java.util.stream.AbstractPipeline::copyInto@32 (line 509)
                      ; - java.util.stream.AbstractPipeline::wrapAndCopyInto@13 (line 499)
  0x00000204d11aaf94: 782c 93ff 

  0x00000204d11aaf98: ;   {other}
  0x00000204d11aaf98: 0f1f 8400 | 8803 0004 | 488b 1424 | 9048 b8e0 | fd6f 2b05 

  0x00000204d11aafac: ;   {virtual_call}
  0x00000204d11aafac: 0200 00e8 

  0x00000204d11aafb0: ; ImmutableOopMap {[24]=Oop }
                      ;*invokeinterface end {reexecute=0 rethrow=0 return_oop=0}
                      ; - java.util.stream.AbstractPipeline::copyInto@38 (line 510)
                      ; - java.util.stream.AbstractPipeline::wrapAndCopyInto@13 (line 499)
  0x00000204d11aafb0: 3c76 b2ff 

  0x00000204d11aafb4: ;   {other}
  0x00000204d11aafb4: 0f1f 8400 | a403 0005 | e9e8 0000 | 0045 85db | 0f8f e701 | 0000 4889 | 6c24 2048 | 8b54 2410 
  0x00000204d11aafd4: 9048 b850 | 00ba 2805 

  0x00000204d11aafdc: ;   {virtual_call}
  0x00000204d11aafdc: 0200 00e8 

  0x00000204d11aafe0: ; ImmutableOopMap {[0]=Oop [16]=Oop [24]=Oop [32]=Oop }
                      ;*invokeinterface getExactSizeIfKnown {reexecute=0 rethrow=0 return_oop=0}
                      ; - java.util.stream.AbstractPipeline::copyIntoWithCancel@19 (line 526)
                      ; - java.util.stream.AbstractPipeline::copyInto@49 (line 513)
                      ; - java.util.stream.AbstractPipeline::wrapAndCopyInto@13 (line 499)
  0x00000204d11aafe0: fc78 b2ff 

  0x00000204d11aafe4: ;   {other}
  0x00000204d11aafe4: 0f1f 8400 | d403 0006 | 488b 2c24 | 448b 5508 

  0x00000204d11aaff4: ;   {metadata('java/util/stream/MatchOps$1MatchSink')}
  0x00000204d11aaff4: 4181 fa18 | 2417 010f | 858c 0100 | 0044 8b45 | 084c 8b5c | 2420 458b 

  0x00000204d11ab00c: ;   {metadata('java/util/stream/ReferencePipeline$Head')}
  0x00000204d11ab00c: 5308 4181 | fa78 570e | 000f 8503 

  0x00000204d11ab018: ;   {metadata('java/util/stream/MatchOps$1MatchSink')}
  0x00000204d11ab018: 0100 0041 | 81f8 1824 | 1701 0f85 | b701 0000 | 4c8b d545 | 0fb6 5a0c | 4585 db75 | 6b44 8b5d 
  0x00000204d11ab038: ;   {metadata('java/util/stream/MatchOps$1MatchSink')}
  0x00000204d11ab038: 0841 81fb | 1824 1701 | 0f85 c701 | 0000 4c8b | d544 8944 | 2428 4c89 | 5424 0848 | 8b54 2410 
  0x00000204d11ab058: 4c8b c566 | 9048 b8ff | ffff ffff 

  0x00000204d11ab064: ;   {virtual_call}
  0x00000204d11ab064: ffff ffe8 

  0x00000204d11ab068: ; ImmutableOopMap {rbp=Oop [8]=Oop [16]=Oop [24]=Oop }
                      ;*invokeinterface tryAdvance {reexecute=0 rethrow=0 return_oop=0}
                      ; - java.util.stream.ReferencePipeline::forEachWithCancel@13 (line 129)
                      ; - java.util.stream.AbstractPipeline::copyIntoWithCancel@32 (line 527)
                      ; - java.util.stream.AbstractPipeline::copyInto@49 (line 513)
                      ; - java.util.stream.AbstractPipeline::wrapAndCopyInto@13 (line 499)
  0x00000204d11ab068: 143d 86ff 

  0x00000204d11ab06c: ;   {other}
  0x00000204d11ab06c: 0f1f 8400 | 5c04 0007 | 4d8b 9758 

  0x00000204d11ab078: ; ImmutableOopMap {rbp=Oop [8]=Oop [16]=Oop [24]=Oop }
                      ;*ifne {reexecute=1 rethrow=0 return_oop=0}
                      ; - (reexecute) java.util.stream.ReferencePipeline::forEachWithCancel@18 (line 129)
                      ; - java.util.stream.AbstractPipeline::copyIntoWithCancel@32 (line 527)
                      ; - java.util.stream.AbstractPipeline::copyInto@49 (line 513)
                      ; - java.util.stream.AbstractPipeline::wrapAndCopyInto@13 (line 499)
                      ;   {poll}
  0x00000204d11ab078: 0400 0041 | 8502 85c0 | 7416 4c8b | 5424 0845 | 0fb6 5a0c | 4585 db74 | c244 8b44 | 2428 eb08 
  0x00000204d11ab098: 4533 db44 | 8b44 2428 

  0x00000204d11ab0a0: ;   {metadata('java/util/stream/MatchOps$1MatchSink')}
  0x00000204d11ab0a0: 4181 f818 | 2417 0175 | 4f48 8b44 | 2418 4883 

  0x00000204d11ab0b0: ;   {poll_return}
  0x00000204d11ab0b0: c440 5d49 | 3ba7 5004 | 0000 0f87 | c402 0000 | c348 8b7e | 288b 0f48 | 83c7 0848 | 85c0 f248 
  0x00000204d11ab0d0: af0f 8504 | 0000 0048 | 8946 200f | 84ce fdff | ffba deff | ffff 488b 

  0x00000204d11ab0e8: ;   {runtime_call UncommonTrapBlob}
  0x00000204d11ab0e8: 6c24 18e8 

  0x00000204d11ab0ec: ; ImmutableOopMap {rbp=Oop }
                      ;*checkcast {reexecute=0 rethrow=0 return_oop=0}
                      ; - java.util.stream.AbstractPipeline::wrapAndCopyInto@6 (line 499)
  0x00000204d11ab0ec: 1095 86ff 

  0x00000204d11ab0f0: ;   {other}
  0x00000204d11ab0f0: 0f1f 8400 | e004 0009 | 4489 1c24 | 488b d548 | 8b6c 2418 | 9048 b880 | 76be 2705 

  0x00000204d11ab10c: ;   {virtual_call}
  0x00000204d11ab10c: 0200 00e8 

  0x00000204d11ab110: ; ImmutableOopMap {rbp=Oop [24]=Oop }
                      ;*invokeinterface end {reexecute=0 rethrow=0 return_oop=0}
                      ; - java.util.stream.AbstractPipeline::copyIntoWithCancel@38 (line 528)
                      ; - java.util.stream.AbstractPipeline::copyInto@49 (line 513)
                      ; - java.util.stream.AbstractPipeline::wrapAndCopyInto@13 (line 499)
  0x00000204d11ab110: dc74 b2ff 

  0x00000204d11ab114: ;   {other}
  0x00000204d11ab114: 0f1f 8400 | 0405 000a 

  0x00000204d11ab11c: ;   {metadata('java/util/stream/IntPipeline$Head')}
  0x00000204d11ab11c: eb8b 4181 | fa28 6035 | 000f 85b1 | 0100 0044 | 8944 2428 | 488b 5424 

  0x00000204d11ab134: ;   {static_call}
  0x00000204d11ab134: 1066 90e8 

  0x00000204d11ab138: ; ImmutableOopMap {rbp=Oop [24]=Oop }
                      ;*invokestatic adapt {reexecute=0 rethrow=0 return_oop=1}
                      ; - java.util.stream.IntPipeline::forEachWithCancel@1 (line 160)
                      ; - java.util.stream.AbstractPipeline::copyIntoWithCancel@32 (line 527)
                      ; - java.util.stream.AbstractPipeline::copyInto@49 (line 513)
                      ; - java.util.stream.AbstractPipeline::wrapAndCopyInto@13 (line 499)
  0x00000204d11ab138: 443f 86ff 

  0x00000204d11ab13c: ;   {other}
  0x00000204d11ab13c: 0f1f 8400 | 2c05 000b | 4889 0424 

  0x00000204d11ab148: ;   {static_call}
  0x00000204d11ab148: 488b d5e8 

  0x00000204d11ab14c: ; ImmutableOopMap {rbp=Oop [0]=Oop [24]=Oop }
                      ;*invokestatic adapt {reexecute=0 rethrow=0 return_oop=1}
                      ; - java.util.stream.IntPipeline::forEachWithCancel@6 (line 161)
                      ; - java.util.stream.AbstractPipeline::copyIntoWithCancel@32 (line 527)
                      ; - java.util.stream.AbstractPipeline::copyInto@49 (line 513)
                      ; - java.util.stream.AbstractPipeline::wrapAndCopyInto@13 (line 499)
  0x00000204d11ab14c: 303f 86ff 

  0x00000204d11ab150: ;   {other}
  0x00000204d11ab150: 0f1f 8400 | 4005 000c | 4889 4424 | 0848 8bd5 | 9048 b8ff | ffff ffff 

  0x00000204d11ab168: ;   {virtual_call}
  0x00000204d11ab168: ffff ffe8 

  0x00000204d11ab16c: ; ImmutableOopMap {rbp=Oop [0]=Oop [8]=Oop [24]=Oop }
                      ;*invokeinterface cancellationRequested {reexecute=0 rethrow=0 return_oop=0}
                      ; - java.util.stream.IntPipeline::forEachWithCancel@12 (line 163)
                      ; - java.util.stream.AbstractPipeline::copyIntoWithCancel@32 (line 527)
                      ; - java.util.stream.AbstractPipeline::copyInto@49 (line 513)
                      ; - java.util.stream.AbstractPipeline::wrapAndCopyInto@13 (line 499)
  0x00000204d11ab16c: 103c 86ff 

  0x00000204d11ab170: ;   {other}
  0x00000204d11ab170: 0f1f 8400 | 6005 000d | 85c0 0f84 | e400 0000 | 448b d844 | 8b44 2428 | e913 ffff | ff48 8b14 
  0x00000204d11ab190: 244c 8bc0 | 9048 b8b0 | 03ba 2805 

  0x00000204d11ab19c: ;   {virtual_call}
  0x00000204d11ab19c: 0200 00e8 

  0x00000204d11ab1a0: ; ImmutableOopMap {rbp=Oop [16]=Oop [24]=Oop [32]=Oop }
                      ;*invokeinterface begin {reexecute=0 rethrow=0 return_oop=0}
                      ; - java.util.stream.AbstractPipeline::copyIntoWithCancel@24 (line 526)
                      ; - java.util.stream.AbstractPipeline::copyInto@49 (line 513)
                      ; - java.util.stream.AbstractPipeline::wrapAndCopyInto@13 (line 499)
  0x00000204d11ab1a0: 6c2a 93ff 

  0x00000204d11ab1a4: ;   {other}
  0x00000204d11ab1a4: 0f1f 8400 | 9405 000e | e950 feff | ff4c 8bd5 | 4d8b 9f58 | 0400 0045 | 8b4a 204c 

  0x00000204d11ab1c0: ; ImmutableOopMap {r10=Oop r9=NarrowOop [0]=Oop [16]=Oop [24]=Oop }
                      ;*goto {reexecute=1 rethrow=0 return_oop=0}
                      ; - (reexecute) java.util.stream.AbstractPipeline::copyIntoWithCancel@14 (line 523)
                      ; - java.util.stream.AbstractPipeline::copyInto@49 (line 513)
                      ; - java.util.stream.AbstractPipeline::wrapAndCopyInto@13 (line 499)
  0x00000204d11ab1c0: 8b54 2418 

  0x00000204d11ab1c4: ;   {poll}
  0x00000204d11ab1c4: 4185 0347 | 8b5c cc10 | 4f8d 14cc | 4585 db7f | df4c 8954 | 2420 e9f0 | fdff ff44 | 8944 2428 
  0x00000204d11ab1e4: 488b d566 | 9048 b8a0 | 07ba 2805 

  0x00000204d11ab1f0: ;   {virtual_call}
  0x00000204d11ab1f0: 0200 00e8 

  0x00000204d11ab1f4: ; ImmutableOopMap {rbp=Oop [16]=Oop [24]=Oop }
                      ;*invokeinterface cancellationRequested {reexecute=0 rethrow=0 return_oop=0}
                      ; - java.util.stream.ReferencePipeline::forEachWithCancel@1 (line 129)
                      ; - java.util.stream.AbstractPipeline::copyIntoWithCancel@32 (line 527)
                      ; - java.util.stream.AbstractPipeline::copyInto@49 (line 513)
                      ; - java.util.stream.AbstractPipeline::wrapAndCopyInto@13 (line 499)
  0x00000204d11ab1f4: a077 b2ff 

  0x00000204d11ab1f8: ;   {other}
  0x00000204d11ab1f8: 0f1f 8400 | e805 0010 | 448b d844 | 8b44 2428 | e923 feff | ff44 8944 | 2428 488b | 5424 104c 
  0x00000204d11ab218: 8bc5 6666 | 9048 b810 | 04ba 2805 

  0x00000204d11ab224: ;   {virtual_call}
  0x00000204d11ab224: 0200 00e8 

  0x00000204d11ab228: ; ImmutableOopMap {rbp=Oop [16]=Oop [24]=Oop }
                      ;*invokeinterface tryAdvance {reexecute=0 rethrow=0 return_oop=0}
                      ; - java.util.stream.ReferencePipeline::forEachWithCancel@13 (line 129)
                      ; - java.util.stream.AbstractPipeline::copyIntoWithCancel@32 (line 527)
                      ; - java.util.stream.AbstractPipeline::copyInto@49 (line 513)
                      ; - java.util.stream.AbstractPipeline::wrapAndCopyInto@13 (line 499)
  0x00000204d11ab228: f42a 93ff 

  0x00000204d11ab22c: ;   {other}
  0x00000204d11ab22c: 0f1f 8400 | 1c06 0011 | 85c0 0f84 | 5cfe ffff | 488b d566 | 9048 b8c0 | 0bba 2805 

  0x00000204d11ab248: ;   {virtual_call}
  0x00000204d11ab248: 0200 00e8 

  0x00000204d11ab24c: ; ImmutableOopMap {rbp=Oop [16]=Oop [24]=Oop }
                      ;*invokeinterface cancellationRequested {reexecute=0 rethrow=0 return_oop=0}
                      ; - java.util.stream.ReferencePipeline::forEachWithCancel@1 (line 129)
                      ; - java.util.stream.AbstractPipeline::copyIntoWithCancel@32 (line 527)
                      ; - java.util.stream.AbstractPipeline::copyInto@49 (line 513)
                      ; - java.util.stream.AbstractPipeline::wrapAndCopyInto@13 (line 499)
  0x00000204d11ab24c: 4877 b2ff 

  0x00000204d11ab250: ;   {other}
  0x00000204d11ab250: 0f1f 8400 | 4006 0012 | 85c0 74b6 | 448b d8e9 | 2dfe ffff | 488b 1424 | 4c8b 4424 | 0848 b8ff 
  0x00000204d11ab270: ffff ffff 

  0x00000204d11ab274: ;   {virtual_call}
  0x00000204d11ab274: ffff ffe8 

  0x00000204d11ab278: ; ImmutableOopMap {rbp=Oop [0]=Oop [8]=Oop [24]=Oop }
                      ;*invokeinterface tryAdvance {reexecute=0 rethrow=0 return_oop=0}
                      ; - java.util.stream.IntPipeline::forEachWithCancel@26 (line 163)
                      ; - java.util.stream.AbstractPipeline::copyIntoWithCancel@32 (line 527)
                      ; - java.util.stream.AbstractPipeline::copyInto@49 (line 513)
                      ; - java.util.stream.AbstractPipeline::wrapAndCopyInto@13 (line 499)
  0x00000204d11ab278: 043b 86ff 

  0x00000204d11ab27c: ;   {other}
  0x00000204d11ab27c: 0f1f 8400 | 6c06 0013 | 85c0 7425 | 488b d566 | 9048 b8ff | ffff ffff 

  0x00000204d11ab294: ;   {virtual_call}
  0x00000204d11ab294: ffff ffe8 

  0x00000204d11ab298: ; ImmutableOopMap {rbp=Oop [0]=Oop [8]=Oop [24]=Oop }
                      ;*invokeinterface cancellationRequested {reexecute=0 rethrow=0 return_oop=0}
                      ; - java.util.stream.IntPipeline::forEachWithCancel@12 (line 163)
                      ; - java.util.stream.AbstractPipeline::copyIntoWithCancel@32 (line 527)
                      ; - java.util.stream.AbstractPipeline::copyInto@49 (line 513)
                      ; - java.util.stream.AbstractPipeline::wrapAndCopyInto@13 (line 499)
  0x00000204d11ab298: e43a 86ff 

  0x00000204d11ab29c: ;   {other}
  0x00000204d11ab29c: 0f1f 8400 | 8c06 0014 | 85c0 74bc | e9d3 feff | ff33 c0e9 | ccfe ffff | ba45 ffff | ff48 ff74 
  0x00000204d11ab2bc: 2418 488f | 0424 4889 | 4424 1848 | 8944 2420 

  0x00000204d11ab2cc: ;   {runtime_call UncommonTrapBlob}
  0x00000204d11ab2cc: 6666 90e8 

  0x00000204d11ab2d0: ; ImmutableOopMap {rbp=Oop [0]=Oop [16]=Oop [24]=Oop [32]=Oop }
                      ;*ifnonnull {reexecute=1 rethrow=0 return_oop=0}
                      ; - (reexecute) java.util.Objects::requireNonNull@1 (line 232)
                      ; - java.util.stream.AbstractPipeline::copyInto@1 (line 505)
                      ; - java.util.stream.AbstractPipeline::wrapAndCopyInto@13 (line 499)
  0x00000204d11ab2d0: 2c93 86ff 

  0x00000204d11ab2d4: ;   {other}
  0x00000204d11ab2d4: 0f1f 8400 | c406 0015 | bac6 ffff | ff48 ff74 | 2418 488f 

  0x00000204d11ab2e8: ;   {runtime_call UncommonTrapBlob}
  0x00000204d11ab2e8: 0424 90e8 

  0x00000204d11ab2ec: ; ImmutableOopMap {rbp=Oop [0]=Oop [16]=Oop [32]=Oop }
                      ;*invokevirtual forEachWithCancel {reexecute=0 rethrow=0 return_oop=0}
                      ; - java.util.stream.AbstractPipeline::copyIntoWithCancel@32 (line 527)
                      ; - java.util.stream.AbstractPipeline::copyInto@49 (line 513)
                      ; - java.util.stream.AbstractPipeline::wrapAndCopyInto@13 (line 499)
  0x00000204d11ab2ec: 1093 86ff 

  0x00000204d11ab2f0: ;   {other}
  0x00000204d11ab2f0: 0f1f 8400 | e006 0016 | baf6 ffff 

  0x00000204d11ab2fc: ;   {runtime_call UncommonTrapBlob}
  0x00000204d11ab2fc: ff66 90e8 

  0x00000204d11ab300: ; ImmutableOopMap {}
                      ;*getfield combinedFlags {reexecute=1 rethrow=0 return_oop=0}
                      ; - (reexecute) java.util.stream.AbstractPipeline::wrapSink@19 (line 547)
                      ; - java.util.stream.AbstractPipeline::wrapAndCopyInto@9 (line 499)
  0x00000204d11ab300: fc92 86ff 

  0x00000204d11ab304: ;   {other}
  0x00000204d11ab304: 0f1f 8400 | f406 0017 | baf6 ffff 

  0x00000204d11ab310: ;   {runtime_call UncommonTrapBlob}
  0x00000204d11ab310: ff66 90e8 

  0x00000204d11ab314: ; ImmutableOopMap {}
                      ;*getfield depth {reexecute=1 rethrow=0 return_oop=0}
                      ; - (reexecute) java.util.stream.AbstractPipeline::wrapSink@8 (line 546)
                      ; - java.util.stream.AbstractPipeline::wrapAndCopyInto@9 (line 499)
  0x00000204d11ab314: e892 86ff 

  0x00000204d11ab318: ;   {other}
  0x00000204d11ab318: 0f1f 8400 | 0807 0018 | ba45 ffff | ff48 8b6c | 2418 4c89 | 0c24 4c89 

  0x00000204d11ab330: ;   {runtime_call UncommonTrapBlob}
  0x00000204d11ab330: 5424 10e8 

  0x00000204d11ab334: ; ImmutableOopMap {rbp=Oop [0]=Oop [16]=Oop }
                      ;*ifnonnull {reexecute=1 rethrow=0 return_oop=0}
                      ; - (reexecute) java.util.Objects::requireNonNull@1 (line 232)
                      ; - java.util.stream.AbstractPipeline::wrapAndCopyInto@3 (line 499)
  0x00000204d11ab334: c892 86ff 

  0x00000204d11ab338: ;   {other}
  0x00000204d11ab338: 0f1f 8400 | 2807 0019 | eb21 eb1f | eb1d eb1b | eb19 eb17 | eb15 eb13 | eb11 eb0f | eb0d eb0b 
  0x00000204d11ab358: eb09 eb07 | 488b d0eb | 05eb 0048 | 8bd0 4883 

  0x00000204d11ab368: ;   {runtime_call _rethrow_Java}
  0x00000204d11ab368: c440 5de9 | 9090 9cff | baf6 ffff 

  0x00000204d11ab374: ;   {runtime_call UncommonTrapBlob}
  0x00000204d11ab374: ff66 90e8 

  0x00000204d11ab378: ; ImmutableOopMap {}
                      ;*getfield depth {reexecute=1 rethrow=0 return_oop=0}
                      ; - (reexecute) java.util.stream.AbstractPipeline::copyIntoWithCancel@3 (line 522)
                      ; - java.util.stream.AbstractPipeline::copyInto@49 (line 513)
                      ; - java.util.stream.AbstractPipeline::wrapAndCopyInto@13 (line 499)
  0x00000204d11ab378: 8492 86ff 

  0x00000204d11ab37c: ;   {other}
  0x00000204d11ab37c: 0f1f 8400 | 6c07 001a 

  0x00000204d11ab384: ;   {internal_word}
  0x00000204d11ab384: 49ba b3b0 | 1ad1 0402 | 0000 4d89 | 9768 0400 

  0x00000204d11ab394: ;   {runtime_call SafepointBlob}
  0x00000204d11ab394: 00e9 66a3 

  0x00000204d11ab398: ;   {runtime_call StubRoutines (final stubs)}
  0x00000204d11ab398: 86ff e8c1 | 9984 ffe9 | d6fa ffff | f4f4 f4f4 
[Stub Code]
  0x00000204d11ab3a8: ;   {no_reloc}
  0x00000204d11ab3a8: 48bb 0000 | 0000 0000 

  0x00000204d11ab3b0: ;   {runtime_call}
  0x00000204d11ab3b0: 0000 e9fb 

  0x00000204d11ab3b4: ;   {static_stub}
  0x00000204d11ab3b4: ffff ff48 | bb00 0000 | 0000 0000 

  0x00000204d11ab3c0: ;   {runtime_call}
  0x00000204d11ab3c0: 00e9 fbff 

  0x00000204d11ab3c4: ;   {runtime_call ExceptionBlob}
  0x00000204d11ab3c4: ffff e935 | 3c93 ffe8 | 0000 0000 | 4883 2c24 

  0x00000204d11ab3d4: ;   {runtime_call DeoptimizationBlob}
  0x00000204d11ab3d4: 05e9 c695 | 86ff f4f4 | f4f4 f4f4 
[/MachCode]


---------------  P R O C E S S  ---------------

Threads class SMR info:
_java_thread_list=0x0000020528337080, length=138, elements={
0x00000204c0d92f80, 0x00000204dfb9a1a0, 0x00000204dfb9ae00, 0x00000204dfb9df90,
0x00000204dfb9eb20, 0x00000204dfb9f6b0, 0x00000204dfba3130, 0x00000204dfba5ed0,
0x00000204e05c8090, 0x00000204dfbae7b0, 0x00000204e077c390, 0x00000204e0780820,
0x00000204e07821e0, 0x00000204e087c270, 0x0000020526d9bce0, 0x000002052734e500,
0x0000020526c48d10, 0x0000020527833bc0, 0x00000205277e20c0, 0x00000205278aef80,
0x00000205278a8440, 0x000002052729a880, 0x00000205272994d0, 0x0000020527299b60,
0x0000020527298120, 0x000002052729af10, 0x00000205272987b0, 0x000002052729a1f0,
0x000002052a4abc10, 0x000002052a4a8790, 0x000002052a4ac2a0, 0x000002052a4a8e20,
0x000002052a4aaef0, 0x000002052a4ac930, 0x000002052a4aa1d0, 0x000002052a4acfc0,
0x000002052a4aa860, 0x000002052a4ae370, 0x000002052a4aea00, 0x000002052a4afdb0,
0x000002052bce4800, 0x000002052bce4170, 0x000002052bce1380, 0x000002052bce4e90,
0x000002052bce1a10, 0x000002052bce5520, 0x000002052bce5bb0, 0x000002052bce2730,
0x000002052bce3450, 0x000002052bce2dc0, 0x000002052bce68d0, 0x000002052bce6f60,
0x000002052bce3ae0, 0x000002052bce8310, 0x000002052bce75f0, 0x000002052bce7c80,
0x000002052bce89a0, 0x000002052bb6a8d0, 0x000002052bb6b5f0, 0x000002052bb68e90,
0x000002052bb6bc80, 0x000002052bb6a240, 0x000002052bb68800, 0x000002052bb69bb0,
0x000002052bb6c310, 0x000002052bb6af60, 0x000002052bb6c9a0, 0x000002052bb69520,
0x000002052bb6d030, 0x000002052bb6e3e0, 0x000002052bb6ea70, 0x000002052bb6fe20,
0x000002052bb6d6c0, 0x000002052bb6f790, 0x000002052bb6dd50, 0x000002052bb6f100,
0x000002052a4c0db0, 0x000002052a4c1ad0, 0x000002052a4c1440, 0x000002052a4c0720,
0x000002052a4c2160, 0x000002052a4c27f0, 0x000002052a4c2e80, 0x000002052a4c3510,
0x000002052a4c0090, 0x000002052a4c4f50, 0x000002052a4c55e0, 0x000002052a4c48c0,
0x000002052a4c6300, 0x000002052a4c5c70, 0x000002052a4c6990, 0x000002052a4c7020,
0x000002052a4c3ba0, 0x000002052a4c76b0, 0x000002052a4c4230, 0x000002052c194e70,
0x000002052c1982f0, 0x000002052c198980, 0x000002052c195500, 0x000002052c1968b0,
0x000002052c199010, 0x000002052c195b90, 0x000002052c1996a0, 0x000002052c197c60,
0x000002052c196220, 0x000002052c1975d0, 0x000002052c19b0e0, 0x0000020528fd5120,
0x00000204e06bdfe0, 0x00000204e06c1460, 0x000002052813f430, 0x000002052813e080,
0x000002052813ccd0, 0x0000020528142220, 0x0000020528140e70, 0x0000020528142f40,
0x0000020528141500, 0x00000205281428b0, 0x0000020528141b90, 0x00000205281407e0,
0x000002052813fac0, 0x00000205281435d0, 0x0000020528140150, 0x0000020529cad200,
0x0000020529caaaa0, 0x0000020529cabe50, 0x0000020529cacb70, 0x0000020529cac4e0,
0x0000020529cab130, 0x0000020529cab7c0, 0x0000020529ca9d80, 0x0000020529cad890,
0x0000020529caa410, 0x0000020529caf2d0, 0x0000020529cb0d10, 0x0000020529cadf20,
0x0000020529cafff0, 0x00000205284b77a0
}

Java Threads: ( => current thread )
  0x00000204c0d92f80 JavaThread "main"                              [_thread_blocked, id=9296, stack(0x0000000ff1000000,0x0000000ff1100000) (1024K)]
  0x00000204dfb9a1a0 JavaThread "Reference Handler"          daemon [_thread_blocked, id=16348, stack(0x0000000ff1800000,0x0000000ff1900000) (1024K)]
  0x00000204dfb9ae00 JavaThread "Finalizer"                  daemon [_thread_blocked, id=16188, stack(0x0000000ff1900000,0x0000000ff1a00000) (1024K)]
  0x00000204dfb9df90 JavaThread "Signal Dispatcher"          daemon [_thread_blocked, id=23128, stack(0x0000000ff1a00000,0x0000000ff1b00000) (1024K)]
  0x00000204dfb9eb20 JavaThread "Attach Listener"            daemon [_thread_blocked, id=15716, stack(0x0000000ff1b00000,0x0000000ff1c00000) (1024K)]
  0x00000204dfb9f6b0 JavaThread "Service Thread"             daemon [_thread_blocked, id=21500, stack(0x0000000ff1c00000,0x0000000ff1d00000) (1024K)]
  0x00000204dfba3130 JavaThread "Monitor Deflation Thread"   daemon [_thread_blocked, id=11148, stack(0x0000000ff1d00000,0x0000000ff1e00000) (1024K)]
  0x00000204dfba5ed0 JavaThread "C2 CompilerThread0"         daemon [_thread_in_native, id=6904, stack(0x0000000ff1e00000,0x0000000ff1f00000) (1024K)]
  0x00000204e05c8090 JavaThread "C1 CompilerThread0"         daemon [_thread_blocked, id=12340, stack(0x0000000ff1f00000,0x0000000ff2000000) (1024K)]
  0x00000204dfbae7b0 JavaThread "C1 CompilerThread1"         daemon [_thread_blocked, id=23548, stack(0x0000000ff2000000,0x0000000ff2100000) (1024K)]
  0x00000204e077c390 JavaThread "Common-Cleaner"             daemon [_thread_blocked, id=7784, stack(0x0000000ff2100000,0x0000000ff2200000) (1024K)]
  0x00000204e0780820 JavaThread "C1 CompilerThread2"         daemon [_thread_blocked, id=32140, stack(0x0000000ff2200000,0x0000000ff2300000) (1024K)]
  0x00000204e07821e0 JavaThread "C1 CompilerThread3"         daemon [_thread_blocked, id=30220, stack(0x0000000ff2300000,0x0000000ff2400000) (1024K)]
  0x00000204e087c270 JavaThread "Notification Thread"        daemon [_thread_blocked, id=8668, stack(0x0000000ff2500000,0x0000000ff2600000) (1024K)]
  0x0000020526d9bce0 JavaThread "Daemon health stats"               [_thread_blocked, id=8056, stack(0x0000000ff2d00000,0x0000000ff2e00000) (1024K)]
  0x000002052734e500 JavaThread "Incoming local TCP Connector on port 13005"        [_thread_in_native, id=26660, stack(0x0000000ff2700000,0x0000000ff2800000) (1024K)]
  0x0000020526c48d10 JavaThread "Daemon periodic checks"            [_thread_blocked, id=18336, stack(0x0000000ff2e00000,0x0000000ff2f00000) (1024K)]
  0x0000020527833bc0 JavaThread "Daemon"                            [_thread_blocked, id=11004, stack(0x0000000ff2f00000,0x0000000ff3000000) (1024K)]
  0x00000205277e20c0 JavaThread "Handler for socket connection from /127.0.0.1:13005 to /127.0.0.1:13006"        [_thread_in_native, id=32312, stack(0x0000000ff3000000,0x0000000ff3100000) (1024K)]
  0x00000205278aef80 JavaThread "Cancel handler"                    [_thread_blocked, id=29484, stack(0x0000000ff3100000,0x0000000ff3200000) (1024K)]
  0x00000205278a8440 JavaThread "Daemon worker"                     [_thread_blocked, id=6776, stack(0x0000000ff3200000,0x0000000ff3300000) (1024K)]
  0x000002052729a880 JavaThread "Asynchronous log dispatcher for DefaultDaemonConnection: socket connection from /127.0.0.1:13005 to /127.0.0.1:13006"        [_thread_blocked, id=32724, stack(0x0000000ff3300000,0x0000000ff3400000) (1024K)]
  0x00000205272994d0 JavaThread "Stdin handler"                     [_thread_blocked, id=1768, stack(0x0000000ff3400000,0x0000000ff3500000) (1024K)]
  0x0000020527299b60 JavaThread "Daemon client event forwarder"        [_thread_blocked, id=32556, stack(0x0000000ff3500000,0x0000000ff3600000) (1024K)]
  0x0000020527298120 JavaThread "Cache worker for journal cache (D:\Gradle\.gradle\caches\journal-1)"        [_thread_blocked, id=27040, stack(0x0000000ff3600000,0x0000000ff3700000) (1024K)]
  0x000002052729af10 JavaThread "File lock request listener"        [_thread_in_native, id=31936, stack(0x0000000ff3700000,0x0000000ff3800000) (1024K)]
  0x00000205272987b0 JavaThread "Cache worker for file hash cache (D:\Gradle\.gradle\caches\8.8\fileHashes)"        [_thread_blocked, id=28668, stack(0x0000000ff3800000,0x0000000ff3900000) (1024K)]
  0x000002052729a1f0 JavaThread "Cache worker for file hash cache (D:\GitHub\Control Craft\.gradle\8.8\fileHashes)"        [_thread_blocked, id=24048, stack(0x0000000ff4600000,0x0000000ff4700000) (1024K)]
  0x000002052a4abc10 JavaThread "File watcher server"        daemon [_thread_in_native, id=25084, stack(0x0000000ff4700000,0x0000000ff4800000) (1024K)]
  0x000002052a4a8790 JavaThread "File watcher consumer"      daemon [_thread_blocked, id=31404, stack(0x0000000ff4800000,0x0000000ff4900000) (1024K)]
  0x000002052a4ac2a0 JavaThread "Cache worker for checksums cache (D:\GitHub\Control Craft\.gradle\8.8\checksums)"        [_thread_blocked, id=12440, stack(0x0000000ff4900000,0x0000000ff4a00000) (1024K)]
  0x000002052a4a8e20 JavaThread "Cache worker for file content cache (D:\Gradle\.gradle\caches\8.8\fileContent)"        [_thread_blocked, id=25968, stack(0x0000000ff4a00000,0x0000000ff4b00000) (1024K)]
  0x000002052a4aaef0 JavaThread "Cache worker for cache directory md-rule (D:\Gradle\.gradle\caches\8.8\md-rule)"        [_thread_blocked, id=26548, stack(0x0000000ff4b00000,0x0000000ff4c00000) (1024K)]
  0x000002052a4ac930 JavaThread "Cache worker for cache directory md-supplier (D:\Gradle\.gradle\caches\8.8\md-supplier)"        [_thread_blocked, id=31980, stack(0x0000000ff4c00000,0x0000000ff4d00000) (1024K)]
  0x000002052a4aa1d0 JavaThread "jar transforms"                    [_thread_blocked, id=2108, stack(0x0000000ff4d00000,0x0000000ff4e00000) (1024K)]
  0x000002052a4acfc0 JavaThread "jar transforms Thread 2"           [_thread_blocked, id=24768, stack(0x0000000ff4e00000,0x0000000ff4f00000) (1024K)]
  0x000002052a4aa860 JavaThread "jar transforms Thread 3"           [_thread_blocked, id=9732, stack(0x0000000ff5100000,0x0000000ff5200000) (1024K)]
  0x000002052a4ae370 JavaThread "jar transforms Thread 4"           [_thread_blocked, id=3300, stack(0x0000000ff5200000,0x0000000ff5300000) (1024K)]
  0x000002052a4aea00 JavaThread "jar transforms Thread 5"           [_thread_blocked, id=32336, stack(0x0000000ff5300000,0x0000000ff5400000) (1024K)]
  0x000002052a4afdb0 JavaThread "Unconstrained build operations"        [_thread_blocked, id=4176, stack(0x0000000ff5400000,0x0000000ff5500000) (1024K)]
  0x000002052bce4800 JavaThread "Unconstrained build operations Thread 2"        [_thread_blocked, id=18032, stack(0x0000000ff5500000,0x0000000ff5600000) (1024K)]
  0x000002052bce4170 JavaThread "Unconstrained build operations Thread 3"        [_thread_blocked, id=21524, stack(0x0000000ff5600000,0x0000000ff5700000) (1024K)]
  0x000002052bce1380 JavaThread "Unconstrained build operations Thread 4"        [_thread_blocked, id=32176, stack(0x0000000ff5700000,0x0000000ff5800000) (1024K)]
  0x000002052bce4e90 JavaThread "Unconstrained build operations Thread 5"        [_thread_blocked, id=12984, stack(0x0000000ff5800000,0x0000000ff5900000) (1024K)]
  0x000002052bce1a10 JavaThread "Unconstrained build operations Thread 6"        [_thread_blocked, id=19636, stack(0x0000000ff5900000,0x0000000ff5a00000) (1024K)]
  0x000002052bce5520 JavaThread "jar transforms Thread 6"           [_thread_blocked, id=15472, stack(0x0000000ff5a00000,0x0000000ff5b00000) (1024K)]
  0x000002052bce5bb0 JavaThread "Cache worker for Build Output Cleanup Cache (D:\GitHub\Control Craft\.gradle\buildOutputCleanup)"        [_thread_blocked, id=23520, stack(0x0000000ff5b00000,0x0000000ff5c00000) (1024K)]
  0x000002052bce2730 JavaThread "jar transforms Thread 7"           [_thread_blocked, id=23452, stack(0x0000000ff5c00000,0x0000000ff5d00000) (1024K)]
  0x000002052bce3450 JavaThread "Unconstrained build operations Thread 7"        [_thread_blocked, id=8892, stack(0x0000000ff5d00000,0x0000000ff5e00000) (1024K)]
  0x000002052bce2dc0 JavaThread "Unconstrained build operations Thread 8"        [_thread_blocked, id=29576, stack(0x0000000ff5e00000,0x0000000ff5f00000) (1024K)]
  0x000002052bce68d0 JavaThread "Unconstrained build operations Thread 9"        [_thread_blocked, id=14492, stack(0x0000000ff5f00000,0x0000000ff6000000) (1024K)]
  0x000002052bce6f60 JavaThread "Unconstrained build operations Thread 10"        [_thread_blocked, id=16116, stack(0x0000000ff6000000,0x0000000ff6100000) (1024K)]
  0x000002052bce3ae0 JavaThread "Unconstrained build operations Thread 11"        [_thread_blocked, id=23168, stack(0x0000000ff6100000,0x0000000ff6200000) (1024K)]
  0x000002052bce8310 JavaThread "Unconstrained build operations Thread 12"        [_thread_blocked, id=11000, stack(0x0000000ff6200000,0x0000000ff6300000) (1024K)]
  0x000002052bce75f0 JavaThread "Unconstrained build operations Thread 13"        [_thread_blocked, id=5860, stack(0x0000000ff6300000,0x0000000ff6400000) (1024K)]
  0x000002052bce7c80 JavaThread "Unconstrained build operations Thread 14"        [_thread_blocked, id=29404, stack(0x0000000ff6400000,0x0000000ff6500000) (1024K)]
  0x000002052bce89a0 JavaThread "Unconstrained build operations Thread 15"        [_thread_blocked, id=6972, stack(0x0000000ff6500000,0x0000000ff6600000) (1024K)]
  0x000002052bb6a8d0 JavaThread "Unconstrained build operations Thread 16"        [_thread_blocked, id=7488, stack(0x0000000ff6600000,0x0000000ff6700000) (1024K)]
  0x000002052bb6b5f0 JavaThread "Unconstrained build operations Thread 17"        [_thread_blocked, id=28896, stack(0x0000000ff6700000,0x0000000ff6800000) (1024K)]
  0x000002052bb68e90 JavaThread "Unconstrained build operations Thread 18"        [_thread_blocked, id=21860, stack(0x0000000ff6800000,0x0000000ff6900000) (1024K)]
  0x000002052bb6bc80 JavaThread "Unconstrained build operations Thread 19"        [_thread_blocked, id=31064, stack(0x0000000ff6900000,0x0000000ff6a00000) (1024K)]
  0x000002052bb6a240 JavaThread "Unconstrained build operations Thread 20"        [_thread_blocked, id=32732, stack(0x0000000ff6a00000,0x0000000ff6b00000) (1024K)]
  0x000002052bb68800 JavaThread "Unconstrained build operations Thread 21"        [_thread_blocked, id=12716, stack(0x0000000ff6b00000,0x0000000ff6c00000) (1024K)]
  0x000002052bb69bb0 JavaThread "Unconstrained build operations Thread 22"        [_thread_blocked, id=32148, stack(0x0000000ff6c00000,0x0000000ff6d00000) (1024K)]
  0x000002052bb6c310 JavaThread "Unconstrained build operations Thread 23"        [_thread_blocked, id=13056, stack(0x0000000ff6d00000,0x0000000ff6e00000) (1024K)]
  0x000002052bb6af60 JavaThread "Unconstrained build operations Thread 24"        [_thread_blocked, id=16244, stack(0x0000000ff6e00000,0x0000000ff6f00000) (1024K)]
  0x000002052bb6c9a0 JavaThread "Unconstrained build operations Thread 25"        [_thread_blocked, id=23652, stack(0x0000000ff6f00000,0x0000000ff7000000) (1024K)]
  0x000002052bb69520 JavaThread "Unconstrained build operations Thread 26"        [_thread_blocked, id=23708, stack(0x0000000ff7000000,0x0000000ff7100000) (1024K)]
  0x000002052bb6d030 JavaThread "Unconstrained build operations Thread 27"        [_thread_blocked, id=8020, stack(0x0000000ff7100000,0x0000000ff7200000) (1024K)]
  0x000002052bb6e3e0 JavaThread "Unconstrained build operations Thread 28"        [_thread_blocked, id=30688, stack(0x0000000ff7200000,0x0000000ff7300000) (1024K)]
  0x000002052bb6ea70 JavaThread "Unconstrained build operations Thread 29"        [_thread_blocked, id=8852, stack(0x0000000ff7300000,0x0000000ff7400000) (1024K)]
  0x000002052bb6fe20 JavaThread "Unconstrained build operations Thread 30"        [_thread_blocked, id=24044, stack(0x0000000ff7400000,0x0000000ff7500000) (1024K)]
  0x000002052bb6d6c0 JavaThread "Unconstrained build operations Thread 31"        [_thread_blocked, id=31764, stack(0x0000000ff7500000,0x0000000ff7600000) (1024K)]
  0x000002052bb6f790 JavaThread "Unconstrained build operations Thread 32"        [_thread_blocked, id=32236, stack(0x0000000ff7600000,0x0000000ff7700000) (1024K)]
  0x000002052bb6dd50 JavaThread "Unconstrained build operations Thread 33"        [_thread_blocked, id=21644, stack(0x0000000ff7700000,0x0000000ff7800000) (1024K)]
  0x000002052bb6f100 JavaThread "Unconstrained build operations Thread 34"        [_thread_blocked, id=24036, stack(0x0000000ff7800000,0x0000000ff7900000) (1024K)]
  0x000002052a4c0db0 JavaThread "Unconstrained build operations Thread 35"        [_thread_blocked, id=7216, stack(0x0000000ff7900000,0x0000000ff7a00000) (1024K)]
  0x000002052a4c1ad0 JavaThread "Unconstrained build operations Thread 36"        [_thread_blocked, id=14260, stack(0x0000000ff7a00000,0x0000000ff7b00000) (1024K)]
  0x000002052a4c1440 JavaThread "Unconstrained build operations Thread 37"        [_thread_blocked, id=31568, stack(0x0000000ff7b00000,0x0000000ff7c00000) (1024K)]
  0x000002052a4c0720 JavaThread "Unconstrained build operations Thread 38"        [_thread_blocked, id=17496, stack(0x0000000ff7c00000,0x0000000ff7d00000) (1024K)]
  0x000002052a4c2160 JavaThread "Unconstrained build operations Thread 39"        [_thread_blocked, id=29540, stack(0x0000000ff7d00000,0x0000000ff7e00000) (1024K)]
  0x000002052a4c27f0 JavaThread "Unconstrained build operations Thread 40"        [_thread_blocked, id=30444, stack(0x0000000ff7e00000,0x0000000ff7f00000) (1024K)]
  0x000002052a4c2e80 JavaThread "Unconstrained build operations Thread 41"        [_thread_blocked, id=18340, stack(0x0000000ff7f00000,0x0000000ff8000000) (1024K)]
  0x000002052a4c3510 JavaThread "Unconstrained build operations Thread 42"        [_thread_blocked, id=4280, stack(0x0000000ff8000000,0x0000000ff8100000) (1024K)]
  0x000002052a4c0090 JavaThread "Unconstrained build operations Thread 43"        [_thread_blocked, id=25712, stack(0x0000000ff8100000,0x0000000ff8200000) (1024K)]
  0x000002052a4c4f50 JavaThread "Unconstrained build operations Thread 44"        [_thread_blocked, id=31408, stack(0x0000000ff8200000,0x0000000ff8300000) (1024K)]
  0x000002052a4c55e0 JavaThread "Unconstrained build operations Thread 45"        [_thread_blocked, id=32156, stack(0x0000000ff8300000,0x0000000ff8400000) (1024K)]
  0x000002052a4c48c0 JavaThread "Unconstrained build operations Thread 46"        [_thread_blocked, id=28512, stack(0x0000000ff8400000,0x0000000ff8500000) (1024K)]
  0x000002052a4c6300 JavaThread "Unconstrained build operations Thread 47"        [_thread_blocked, id=22604, stack(0x0000000ff8500000,0x0000000ff8600000) (1024K)]
  0x000002052a4c5c70 JavaThread "Unconstrained build operations Thread 48"        [_thread_blocked, id=24704, stack(0x0000000ff8600000,0x0000000ff8700000) (1024K)]
  0x000002052a4c6990 JavaThread "Unconstrained build operations Thread 49"        [_thread_blocked, id=196, stack(0x0000000ff8700000,0x0000000ff8800000) (1024K)]
  0x000002052a4c7020 JavaThread "Unconstrained build operations Thread 50"        [_thread_blocked, id=15332, stack(0x0000000ff8800000,0x0000000ff8900000) (1024K)]
  0x000002052a4c3ba0 JavaThread "Unconstrained build operations Thread 51"        [_thread_blocked, id=5000, stack(0x0000000ff8900000,0x0000000ff8a00000) (1024K)]
  0x000002052a4c76b0 JavaThread "Unconstrained build operations Thread 52"        [_thread_blocked, id=1628, stack(0x0000000ff8a00000,0x0000000ff8b00000) (1024K)]
  0x000002052a4c4230 JavaThread "Unconstrained build operations Thread 53"        [_thread_blocked, id=28128, stack(0x0000000ff8b00000,0x0000000ff8c00000) (1024K)]
  0x000002052c194e70 JavaThread "Unconstrained build operations Thread 54"        [_thread_blocked, id=13100, stack(0x0000000ff8c00000,0x0000000ff8d00000) (1024K)]
  0x000002052c1982f0 JavaThread "Unconstrained build operations Thread 55"        [_thread_blocked, id=28424, stack(0x0000000ff8d00000,0x0000000ff8e00000) (1024K)]
  0x000002052c198980 JavaThread "Unconstrained build operations Thread 56"        [_thread_blocked, id=1012, stack(0x0000000ff8e00000,0x0000000ff8f00000) (1024K)]
  0x000002052c195500 JavaThread "Unconstrained build operations Thread 57"        [_thread_blocked, id=22904, stack(0x0000000ff8f00000,0x0000000ff9000000) (1024K)]
  0x000002052c1968b0 JavaThread "Unconstrained build operations Thread 58"        [_thread_blocked, id=11040, stack(0x0000000ff9000000,0x0000000ff9100000) (1024K)]
  0x000002052c199010 JavaThread "Unconstrained build operations Thread 59"        [_thread_blocked, id=30924, stack(0x0000000ff9100000,0x0000000ff9200000) (1024K)]
  0x000002052c195b90 JavaThread "Unconstrained build operations Thread 60"        [_thread_blocked, id=19064, stack(0x0000000ff9200000,0x0000000ff9300000) (1024K)]
  0x000002052c1996a0 JavaThread "Unconstrained build operations Thread 61"        [_thread_blocked, id=6752, stack(0x0000000ff9300000,0x0000000ff9400000) (1024K)]
  0x000002052c197c60 JavaThread "Unconstrained build operations Thread 62"        [_thread_blocked, id=22568, stack(0x0000000ff9400000,0x0000000ff9500000) (1024K)]
  0x000002052c196220 JavaThread "Unconstrained build operations Thread 63"        [_thread_blocked, id=31340, stack(0x0000000ff9500000,0x0000000ff9600000) (1024K)]
  0x000002052c1975d0 JavaThread "Keep-Alive-Timer"           daemon [_thread_blocked, id=25692, stack(0x0000000ff2400000,0x0000000ff2500000) (1024K)]
  0x000002052c19b0e0 JavaThread "Memory manager"                    [_thread_blocked, id=17296, stack(0x0000000ff2600000,0x0000000ff2700000) (1024K)]
  0x0000020528fd5120 JavaThread "C2 CompilerThread1"         daemon [_thread_blocked, id=11388, stack(0x0000000ff3900000,0x0000000ff3a00000) (1024K)]
  0x00000204e06bdfe0 JavaThread "build event listener"              [_thread_blocked, id=3388, stack(0x0000000ff5000000,0x0000000ff5100000) (1024K)]
  0x00000204e06c1460 JavaThread "jar transforms Thread 8"           [_thread_blocked, id=30160, stack(0x0000000ff9900000,0x0000000ff9a00000) (1024K)]
  0x000002052813f430 JavaThread "Unconstrained build operations Thread 64"        [_thread_blocked, id=5036, stack(0x0000000ff9700000,0x0000000ff9800000) (1024K)]
  0x000002052813e080 JavaThread "Unconstrained build operations Thread 65"        [_thread_blocked, id=1820, stack(0x0000000ff9800000,0x0000000ff9900000) (1024K)]
  0x000002052813ccd0 JavaThread "Unconstrained build operations Thread 66"        [_thread_blocked, id=27380, stack(0x0000000ff9a00000,0x0000000ff9b00000) (1024K)]
  0x0000020528142220 JavaThread "Unconstrained build operations Thread 67"        [_thread_blocked, id=31364, stack(0x0000000ff9b00000,0x0000000ff9c00000) (1024K)]
  0x0000020528140e70 JavaThread "Unconstrained build operations Thread 68"        [_thread_blocked, id=22108, stack(0x0000000ff9c00000,0x0000000ff9d00000) (1024K)]
  0x0000020528142f40 JavaThread "Unconstrained build operations Thread 69"        [_thread_blocked, id=9628, stack(0x0000000ff9d00000,0x0000000ff9e00000) (1024K)]
  0x0000020528141500 JavaThread "Unconstrained build operations Thread 70"        [_thread_blocked, id=23804, stack(0x0000000ff9e00000,0x0000000ff9f00000) (1024K)]
  0x00000205281428b0 JavaThread "Unconstrained build operations Thread 71"        [_thread_blocked, id=2920, stack(0x0000000ff9f00000,0x0000000ffa000000) (1024K)]
=>0x0000020528141b90 JavaThread "Unconstrained build operations Thread 72"        [_thread_in_vm, id=30620, stack(0x0000000ff4f00000,0x0000000ff5000000) (1024K)]
  0x00000205281407e0 JavaThread "Unconstrained build operations Thread 73"        [_thread_blocked, id=8932, stack(0x0000000ff9600000,0x0000000ff9700000) (1024K)]
  0x000002052813fac0 JavaThread "Unconstrained build operations Thread 74"        [_thread_blocked, id=5980, stack(0x0000000ffa000000,0x0000000ffa100000) (1024K)]
  0x00000205281435d0 JavaThread "Unconstrained build operations Thread 75"        [_thread_blocked, id=24540, stack(0x0000000ffa100000,0x0000000ffa200000) (1024K)]
  0x0000020528140150 JavaThread "Unconstrained build operations Thread 76"        [_thread_blocked, id=25780, stack(0x0000000ffa200000,0x0000000ffa300000) (1024K)]
  0x0000020529cad200 JavaThread "Unconstrained build operations Thread 77"        [_thread_blocked, id=11688, stack(0x0000000ffa300000,0x0000000ffa400000) (1024K)]
  0x0000020529caaaa0 JavaThread "Unconstrained build operations Thread 78"        [_thread_blocked, id=5028, stack(0x0000000ffa400000,0x0000000ffa500000) (1024K)]
  0x0000020529cabe50 JavaThread "Unconstrained build operations Thread 79"        [_thread_blocked, id=14852, stack(0x0000000ffa500000,0x0000000ffa600000) (1024K)]
  0x0000020529cacb70 JavaThread "Unconstrained build operations Thread 80"        [_thread_blocked, id=3592, stack(0x0000000ffa600000,0x0000000ffa700000) (1024K)]
  0x0000020529cac4e0 JavaThread "Unconstrained build operations Thread 81"        [_thread_blocked, id=32424, stack(0x0000000ffa700000,0x0000000ffa800000) (1024K)]
  0x0000020529cab130 JavaThread "Unconstrained build operations Thread 82"        [_thread_blocked, id=22272, stack(0x0000000ffa800000,0x0000000ffa900000) (1024K)]
  0x0000020529cab7c0 JavaThread "Unconstrained build operations Thread 83"        [_thread_blocked, id=7020, stack(0x0000000ffa900000,0x0000000ffaa00000) (1024K)]
  0x0000020529ca9d80 JavaThread "Unconstrained build operations Thread 84"        [_thread_blocked, id=13252, stack(0x0000000ffaa00000,0x0000000ffab00000) (1024K)]
  0x0000020529cad890 JavaThread "Unconstrained build operations Thread 85"        [_thread_blocked, id=2076, stack(0x0000000ffab00000,0x0000000ffac00000) (1024K)]
  0x0000020529caa410 JavaThread "Unconstrained build operations Thread 86"        [_thread_blocked, id=2608, stack(0x0000000ffac00000,0x0000000ffad00000) (1024K)]
  0x0000020529caf2d0 JavaThread "Unconstrained build operations Thread 87"        [_thread_blocked, id=24676, stack(0x0000000ffad00000,0x0000000ffae00000) (1024K)]
  0x0000020529cb0d10 JavaThread "Unconstrained build operations Thread 88"        [_thread_blocked, id=11852, stack(0x0000000ffae00000,0x0000000ffaf00000) (1024K)]
  0x0000020529cadf20 JavaThread "Unconstrained build operations Thread 89"        [_thread_blocked, id=30832, stack(0x0000000ffaf00000,0x0000000ffb000000) (1024K)]
  0x0000020529cafff0 JavaThread "Unconstrained build operations Thread 90"        [_thread_blocked, id=29992, stack(0x0000000ffb000000,0x0000000ffb100000) (1024K)]
  0x00000205284b77a0 JavaThread "C2 CompilerThread2"         daemon [_thread_blocked, id=4936, stack(0x0000000ffb100000,0x0000000ffb200000) (1024K)]
Total: 138

Other Threads:
  0x00000204dfb72020 VMThread "VM Thread"                           [id=2600, stack(0x0000000ff1700000,0x0000000ff1800000) (1024K)]
  0x00000204dfb590d0 WatcherThread "VM Periodic Task Thread"        [id=25796, stack(0x0000000ff1600000,0x0000000ff1700000) (1024K)]
  0x00000204c0deb050 WorkerThread "GC Thread#0"                     [id=17888, stack(0x0000000ff1100000,0x0000000ff1200000) (1024K)]
  0x0000020526b34490 WorkerThread "GC Thread#1"                     [id=19664, stack(0x0000000ff2800000,0x0000000ff2900000) (1024K)]
  0x00000205269c95e0 WorkerThread "GC Thread#2"                     [id=324, stack(0x0000000ff2900000,0x0000000ff2a00000) (1024K)]
  0x00000205269c9980 WorkerThread "GC Thread#3"                     [id=6788, stack(0x0000000ff2a00000,0x0000000ff2b00000) (1024K)]
  0x000002052686f150 WorkerThread "GC Thread#4"                     [id=26536, stack(0x0000000ff2b00000,0x0000000ff2c00000) (1024K)]
  0x000002052686f8f0 WorkerThread "GC Thread#5"                     [id=24988, stack(0x0000000ff2c00000,0x0000000ff2d00000) (1024K)]
  0x000002052b371fa0 WorkerThread "GC Thread#6"                     [id=25704, stack(0x0000000ff3a00000,0x0000000ff3b00000) (1024K)]
  0x000002052b372a80 WorkerThread "GC Thread#7"                     [id=10484, stack(0x0000000ff3b00000,0x0000000ff3c00000) (1024K)]
  0x000002052b372340 WorkerThread "GC Thread#8"                     [id=12020, stack(0x0000000ff3c00000,0x0000000ff3d00000) (1024K)]
  0x000002052b3731c0 WorkerThread "GC Thread#9"                     [id=17452, stack(0x0000000ff3d00000,0x0000000ff3e00000) (1024K)]
  0x000002052b371860 WorkerThread "GC Thread#10"                    [id=21760, stack(0x0000000ff3e00000,0x0000000ff3f00000) (1024K)]
  0x000002052b371c00 WorkerThread "GC Thread#11"                    [id=9044, stack(0x0000000ff3f00000,0x0000000ff4000000) (1024K)]
  0x0000020528dbb0d0 WorkerThread "GC Thread#12"                    [id=7144, stack(0x0000000ff4000000,0x0000000ff4100000) (1024K)]
  0x0000020528dba5f0 WorkerThread "GC Thread#13"                    [id=26432, stack(0x0000000ff4100000,0x0000000ff4200000) (1024K)]
  0x0000020528dbb470 WorkerThread "GC Thread#14"                    [id=30384, stack(0x0000000ff4200000,0x0000000ff4300000) (1024K)]
  0x00000204c0df8dc0 ConcurrentGCThread "G1 Main Marker"            [id=15824, stack(0x0000000ff1200000,0x0000000ff1300000) (1024K)]
  0x00000204c0df97d0 WorkerThread "G1 Conc#0"                       [id=22612, stack(0x0000000ff1300000,0x0000000ff1400000) (1024K)]
  0x0000020528dbc690 WorkerThread "G1 Conc#1"                       [id=22652, stack(0x0000000ff4300000,0x0000000ff4400000) (1024K)]
  0x0000020528db9770 WorkerThread "G1 Conc#2"                       [id=10584, stack(0x0000000ff4400000,0x0000000ff4500000) (1024K)]
  0x0000020528dba990 WorkerThread "G1 Conc#3"                       [id=28120, stack(0x0000000ff4500000,0x0000000ff4600000) (1024K)]
  0x00000204dfa28b70 ConcurrentGCThread "G1 Refine#0"               [id=2796, stack(0x0000000ff1400000,0x0000000ff1500000) (1024K)]
  0x00000204dfa29490 ConcurrentGCThread "G1 Service"                [id=22728, stack(0x0000000ff1500000,0x0000000ff1600000) (1024K)]
Total: 24

Threads with active compile tasks:
C2 CompilerThread0    11726 10852       4       org.gradle.api.internal.artifacts.ModuleComponentSelectorSerializer::read (50 bytes)
Total: 1

VM state: not at safepoint (normal execution)

VM Mutex/Monitor currently owned by a thread:  ([mutex/lock_event])
[0x00007ffeae4e14a8] Heap_lock - owner thread: 0x0000020528141b90

Heap address: 0x0000000740000000, size: 3072 MB, Compressed Oops mode: Zero based, Oop shift amount: 3

CDS archive(s) mapped at: [0x00000204e1000000-0x00000204e1c90000-0x00000204e1c90000), size 13172736, SharedBaseAddress: 0x00000204e1000000, ArchiveRelocationMode: 1.
Compressed class space mapped at: 0x00000204e2000000-0x0000020522000000, reserved size: 1073741824
Narrow klass base: 0x00000204e1000000, Narrow klass shift: 0, Narrow klass range: 0x100000000

GC Precious Log:
 CardTable entry size: 512
 Card Set container configuration: InlinePtr #cards 4 size 8 Array Of Cards #cards 16 size 48 Howl #buckets 8 coarsen threshold 3686 Howl Bitmap #cards 512 size 80 coarsen threshold 460 Card regions per heap region 1 cards per card region 4096
 CPUs: 20 total, 20 available
 Memory: 16004M
 Large Page Support: Disabled
 NUMA Support: Disabled
 Compressed Oops: Enabled (Zero based)
 Heap Region Size: 2M
 Heap Min Capacity: 8M
 Heap Initial Capacity: 252M
 Heap Max Capacity: 3G
 Pre-touch: Disabled
 Parallel Workers: 15
 Concurrent Workers: 4
 Concurrent Refinement Workers: 15
 Periodic GC: Disabled

Heap:
 garbage-first heap   total 200704K, used 183372K [0x0000000740000000, 0x0000000800000000)
  region size 2048K, 32 young (65536K), 3 survivors (6144K)
 Metaspace       used 81192K, committed 83392K, reserved 1179648K
  class space    used 11207K, committed 12288K, reserved 1048576K

Heap Regions: E=young(eden), S=young(survivor), O=old, HS=humongous(starts), HC=humongous(continues), CS=collection set, F=free, TAMS=top-at-mark-start, PB=parsable bottom
|   0|0x0000000740000000, 0x0000000740200000, 0x0000000740200000|100%|HS|  |TAMS 0x0000000740000000| PB 0x0000000740000000| Complete 
|   1|0x0000000740200000, 0x0000000740400000, 0x0000000740400000|100%|HC|  |TAMS 0x0000000740200000| PB 0x0000000740200000| Complete 
|   2|0x0000000740400000, 0x0000000740600000, 0x0000000740600000|100%| O|  |TAMS 0x0000000740400000| PB 0x0000000740400000| Untracked 
|   3|0x0000000740600000, 0x0000000740800000, 0x0000000740800000|100%| O|  |TAMS 0x0000000740600000| PB 0x0000000740600000| Untracked 
|   4|0x0000000740800000, 0x0000000740a00000, 0x0000000740a00000|100%| O|  |TAMS 0x0000000740800000| PB 0x0000000740800000| Untracked 
|   5|0x0000000740a00000, 0x0000000740c00000, 0x0000000740c00000|100%| O|  |TAMS 0x0000000740a00000| PB 0x0000000740a00000| Untracked 
|   6|0x0000000740c00000, 0x0000000740e00000, 0x0000000740e00000|100%| O|  |TAMS 0x0000000740c00000| PB 0x0000000740c00000| Untracked 
|   7|0x0000000740e00000, 0x0000000741000000, 0x0000000741000000|100%| O|  |TAMS 0x0000000740e00000| PB 0x0000000740e00000| Untracked 
|   8|0x0000000741000000, 0x0000000741200000, 0x0000000741200000|100%| O|  |TAMS 0x0000000741000000| PB 0x0000000741000000| Untracked 
|   9|0x0000000741200000, 0x0000000741400000, 0x0000000741400000|100%| O|  |TAMS 0x0000000741200000| PB 0x0000000741200000| Untracked 
|  10|0x0000000741400000, 0x0000000741600000, 0x0000000741600000|100%| O|  |TAMS 0x0000000741400000| PB 0x0000000741400000| Untracked 
|  11|0x0000000741600000, 0x0000000741800000, 0x0000000741800000|100%| O|  |TAMS 0x0000000741600000| PB 0x0000000741600000| Untracked 
|  12|0x0000000741800000, 0x0000000741a00000, 0x0000000741a00000|100%| O|  |TAMS 0x0000000741800000| PB 0x0000000741800000| Untracked 
|  13|0x0000000741a00000, 0x0000000741c00000, 0x0000000741c00000|100%| O|  |TAMS 0x0000000741a00000| PB 0x0000000741a00000| Untracked 
|  14|0x0000000741c00000, 0x0000000741e00000, 0x0000000741e00000|100%|HS|  |TAMS 0x0000000741c00000| PB 0x0000000741c00000| Complete 
|  15|0x0000000741e00000, 0x0000000742000000, 0x0000000742000000|100%| O|  |TAMS 0x0000000741e00000| PB 0x0000000741e00000| Untracked 
|  16|0x0000000742000000, 0x0000000742200000, 0x0000000742200000|100%| O|  |TAMS 0x0000000742000000| PB 0x0000000742000000| Untracked 
|  17|0x0000000742200000, 0x0000000742400000, 0x0000000742400000|100%| O|  |TAMS 0x0000000742200000| PB 0x0000000742200000| Untracked 
|  18|0x0000000742400000, 0x0000000742600000, 0x0000000742600000|100%| O|Cm|TAMS 0x0000000742400000| PB 0x0000000742400000| Complete 
|  19|0x0000000742600000, 0x0000000742800000, 0x0000000742800000|100%|HS|  |TAMS 0x0000000742600000| PB 0x0000000742600000| Complete 
|  20|0x0000000742800000, 0x0000000742a00000, 0x0000000742a00000|100%| O|  |TAMS 0x0000000742800000| PB 0x0000000742800000| Untracked 
|  21|0x0000000742a00000, 0x0000000742c00000, 0x0000000742c00000|100%|HS|  |TAMS 0x0000000742a00000| PB 0x0000000742a00000| Complete 
|  22|0x0000000742c00000, 0x0000000742e00000, 0x0000000742e00000|100%| O|  |TAMS 0x0000000742c00000| PB 0x0000000742c00000| Untracked 
|  23|0x0000000742e00000, 0x0000000743000000, 0x0000000743000000|100%| O|  |TAMS 0x0000000742e00000| PB 0x0000000742e00000| Untracked 
|  24|0x0000000743000000, 0x0000000743200000, 0x0000000743200000|100%| O|Cm|TAMS 0x0000000743000000| PB 0x0000000743000000| Complete 
|  25|0x0000000743200000, 0x0000000743400000, 0x0000000743400000|100%| O|  |TAMS 0x0000000743200000| PB 0x0000000743200000| Untracked 
|  26|0x0000000743400000, 0x0000000743600000, 0x0000000743600000|100%| O|  |TAMS 0x0000000743400000| PB 0x0000000743400000| Untracked 
|  27|0x0000000743600000, 0x0000000743800000, 0x0000000743800000|100%| O|  |TAMS 0x0000000743600000| PB 0x0000000743600000| Untracked 
|  28|0x0000000743800000, 0x0000000743a00000, 0x0000000743a00000|100%| O|  |TAMS 0x0000000743800000| PB 0x0000000743800000| Untracked 
|  29|0x0000000743a00000, 0x0000000743c00000, 0x0000000743c00000|100%| O|  |TAMS 0x0000000743a00000| PB 0x0000000743a00000| Untracked 
|  30|0x0000000743c00000, 0x0000000743e00000, 0x0000000743e00000|100%| O|  |TAMS 0x0000000743c00000| PB 0x0000000743c00000| Untracked 
|  31|0x0000000743e00000, 0x0000000744000000, 0x0000000744000000|100%|HS|  |TAMS 0x0000000743e00000| PB 0x0000000743e00000| Complete 
|  32|0x0000000744000000, 0x0000000744200000, 0x0000000744200000|100%|HC|  |TAMS 0x0000000744000000| PB 0x0000000744000000| Complete 
|  33|0x0000000744200000, 0x00000007443ef2c0, 0x0000000744400000| 96%| O|  |TAMS 0x0000000744200000| PB 0x0000000744200000| Untracked 
|  34|0x0000000744400000, 0x0000000744600000, 0x0000000744600000|100%|HS|  |TAMS 0x0000000744400000| PB 0x0000000744400000| Complete 
|  35|0x0000000744600000, 0x0000000744800000, 0x0000000744800000|100%|HC|  |TAMS 0x0000000744600000| PB 0x0000000744600000| Complete 
|  36|0x0000000744800000, 0x0000000744a00000, 0x0000000744a00000|100%|HS|  |TAMS 0x0000000744800000| PB 0x0000000744800000| Complete 
|  37|0x0000000744a00000, 0x0000000744c00000, 0x0000000744c00000|100%|HS|  |TAMS 0x0000000744a00000| PB 0x0000000744a00000| Complete 
|  38|0x0000000744c00000, 0x0000000744c5a720, 0x0000000744e00000| 17%| S|CS|TAMS 0x0000000744c00000| PB 0x0000000744c00000| Complete 
|  39|0x0000000744e00000, 0x0000000745000000, 0x0000000745000000|100%| S|CS|TAMS 0x0000000744e00000| PB 0x0000000744e00000| Complete 
|  40|0x0000000745000000, 0x0000000745200000, 0x0000000745200000|100%| S|CS|TAMS 0x0000000745000000| PB 0x0000000745000000| Complete 
|  41|0x0000000745200000, 0x0000000745400000, 0x0000000745400000|100%|HS|  |TAMS 0x0000000745200000| PB 0x0000000745200000| Complete 
|  42|0x0000000745400000, 0x0000000745600000, 0x0000000745600000|100%|HS|  |TAMS 0x0000000745400000| PB 0x0000000745400000| Complete 
|  43|0x0000000745600000, 0x0000000745800000, 0x0000000745800000|100%|HS|  |TAMS 0x0000000745600000| PB 0x0000000745600000| Complete 
|  44|0x0000000745800000, 0x00000007458c98c8, 0x0000000745a00000| 39%| E|  |TAMS 0x0000000745800000| PB 0x0000000745800000| Complete 
|  45|0x0000000745a00000, 0x0000000745c00000, 0x0000000745c00000|100%| E|CS|TAMS 0x0000000745a00000| PB 0x0000000745a00000| Complete 
|  46|0x0000000745c00000, 0x0000000745e00000, 0x0000000745e00000|100%| E|  |TAMS 0x0000000745c00000| PB 0x0000000745c00000| Complete 
|  47|0x0000000745e00000, 0x0000000746000000, 0x0000000746000000|100%| E|CS|TAMS 0x0000000745e00000| PB 0x0000000745e00000| Complete 
|  48|0x0000000746000000, 0x0000000746200000, 0x0000000746200000|100%| E|CS|TAMS 0x0000000746000000| PB 0x0000000746000000| Complete 
|  49|0x0000000746200000, 0x0000000746400000, 0x0000000746400000|100%| E|CS|TAMS 0x0000000746200000| PB 0x0000000746200000| Complete 
|  50|0x0000000746400000, 0x0000000746600000, 0x0000000746600000|100%| E|CS|TAMS 0x0000000746400000| PB 0x0000000746400000| Complete 
|  51|0x0000000746600000, 0x0000000746800000, 0x0000000746800000|100%| E|CS|TAMS 0x0000000746600000| PB 0x0000000746600000| Complete 
|  52|0x0000000746800000, 0x0000000746a00000, 0x0000000746a00000|100%| E|CS|TAMS 0x0000000746800000| PB 0x0000000746800000| Complete 
|  53|0x0000000746a00000, 0x0000000746c00000, 0x0000000746c00000|100%| E|CS|TAMS 0x0000000746a00000| PB 0x0000000746a00000| Complete 
|  54|0x0000000746c00000, 0x0000000746e00000, 0x0000000746e00000|100%| E|CS|TAMS 0x0000000746c00000| PB 0x0000000746c00000| Complete 
|  55|0x0000000746e00000, 0x0000000747000000, 0x0000000747000000|100%| E|CS|TAMS 0x0000000746e00000| PB 0x0000000746e00000| Complete 
|  56|0x0000000747000000, 0x0000000747200000, 0x0000000747200000|100%| E|CS|TAMS 0x0000000747000000| PB 0x0000000747000000| Complete 
|  57|0x0000000747200000, 0x0000000747400000, 0x0000000747400000|100%| E|CS|TAMS 0x0000000747200000| PB 0x0000000747200000| Complete 
|  58|0x0000000747400000, 0x0000000747600000, 0x0000000747600000|100%| E|CS|TAMS 0x0000000747400000| PB 0x0000000747400000| Complete 
|  59|0x0000000747600000, 0x0000000747800000, 0x0000000747800000|100%| E|CS|TAMS 0x0000000747600000| PB 0x0000000747600000| Complete 
|  60|0x0000000747800000, 0x0000000747a00000, 0x0000000747a00000|100%| E|CS|TAMS 0x0000000747800000| PB 0x0000000747800000| Complete 
|  61|0x0000000747a00000, 0x0000000747c00000, 0x0000000747c00000|100%| E|CS|TAMS 0x0000000747a00000| PB 0x0000000747a00000| Complete 
|  62|0x0000000747c00000, 0x0000000747e00000, 0x0000000747e00000|100%| E|CS|TAMS 0x0000000747c00000| PB 0x0000000747c00000| Complete 
|  63|0x0000000747e00000, 0x0000000748000000, 0x0000000748000000|100%| E|CS|TAMS 0x0000000747e00000| PB 0x0000000747e00000| Complete 
|  64|0x0000000748000000, 0x0000000748200000, 0x0000000748200000|100%| E|CS|TAMS 0x0000000748000000| PB 0x0000000748000000| Complete 
|  65|0x0000000748200000, 0x0000000748400000, 0x0000000748400000|100%| E|CS|TAMS 0x0000000748200000| PB 0x0000000748200000| Complete 
|  66|0x0000000748400000, 0x0000000748600000, 0x0000000748600000|100%| E|CS|TAMS 0x0000000748400000| PB 0x0000000748400000| Complete 
|  67|0x0000000748600000, 0x0000000748800000, 0x0000000748800000|100%| E|CS|TAMS 0x0000000748600000| PB 0x0000000748600000| Complete 
|  68|0x0000000748800000, 0x0000000748a00000, 0x0000000748a00000|100%| E|CS|TAMS 0x0000000748800000| PB 0x0000000748800000| Complete 
|  69|0x0000000748a00000, 0x0000000748c00000, 0x0000000748c00000|100%| E|CS|TAMS 0x0000000748a00000| PB 0x0000000748a00000| Complete 
|  70|0x0000000748c00000, 0x0000000748e00000, 0x0000000748e00000|100%|HS|  |TAMS 0x0000000748c00000| PB 0x0000000748c00000| Complete 
|  71|0x0000000748e00000, 0x0000000749000000, 0x0000000749000000|100%|HC|  |TAMS 0x0000000748e00000| PB 0x0000000748e00000| Complete 
|  72|0x0000000749000000, 0x0000000749200000, 0x0000000749200000|100%|HC|  |TAMS 0x0000000749000000| PB 0x0000000749000000| Complete 
|  73|0x0000000749200000, 0x0000000749400000, 0x0000000749400000|100%|HC|  |TAMS 0x0000000749200000| PB 0x0000000749200000| Complete 
|  74|0x0000000749400000, 0x0000000749600000, 0x0000000749600000|100%|HC|  |TAMS 0x0000000749400000| PB 0x0000000749400000| Complete 
|  75|0x0000000749600000, 0x0000000749800000, 0x0000000749800000|100%|HC|  |TAMS 0x0000000749600000| PB 0x0000000749600000| Complete 
|  76|0x0000000749800000, 0x0000000749a00000, 0x0000000749a00000|100%|HC|  |TAMS 0x0000000749800000| PB 0x0000000749800000| Complete 
|  77|0x0000000749a00000, 0x0000000749c00000, 0x0000000749c00000|100%|HC|  |TAMS 0x0000000749a00000| PB 0x0000000749a00000| Complete 
|  78|0x0000000749c00000, 0x0000000749e00000, 0x0000000749e00000|100%|HC|  |TAMS 0x0000000749c00000| PB 0x0000000749c00000| Complete 
|  79|0x0000000749e00000, 0x000000074a000000, 0x000000074a000000|100%|HC|  |TAMS 0x0000000749e00000| PB 0x0000000749e00000| Complete 
|  80|0x000000074a000000, 0x000000074a200000, 0x000000074a200000|100%|HC|  |TAMS 0x000000074a000000| PB 0x000000074a000000| Complete 
|  81|0x000000074a200000, 0x000000074a200000, 0x000000074a400000|  0%| F|  |TAMS 0x000000074a200000| PB 0x000000074a200000| Untracked 
|  82|0x000000074a400000, 0x000000074a400000, 0x000000074a600000|  0%| F|  |TAMS 0x000000074a400000| PB 0x000000074a400000| Untracked 
|  83|0x000000074a600000, 0x000000074a600000, 0x000000074a800000|  0%| F|  |TAMS 0x000000074a600000| PB 0x000000074a600000| Untracked 
|  84|0x000000074a800000, 0x000000074a800000, 0x000000074aa00000|  0%| F|  |TAMS 0x000000074a800000| PB 0x000000074a800000| Untracked 
|  85|0x000000074aa00000, 0x000000074aa00000, 0x000000074ac00000|  0%| F|  |TAMS 0x000000074aa00000| PB 0x000000074aa00000| Untracked 
|  86|0x000000074ac00000, 0x000000074ac00000, 0x000000074ae00000|  0%| F|  |TAMS 0x000000074ac00000| PB 0x000000074ac00000| Untracked 
|  87|0x000000074ae00000, 0x000000074ae00000, 0x000000074b000000|  0%| F|  |TAMS 0x000000074ae00000| PB 0x000000074ae00000| Untracked 
| 124|0x000000074f800000, 0x000000074fa00000, 0x000000074fa00000|100%| E|CS|TAMS 0x000000074f800000| PB 0x000000074f800000| Complete 
| 125|0x000000074fa00000, 0x000000074fc00000, 0x000000074fc00000|100%| E|CS|TAMS 0x000000074fa00000| PB 0x000000074fa00000| Complete 
|1528|0x00000007ff000000, 0x00000007ff200000, 0x00000007ff200000|100%| O|  |TAMS 0x00000007ff000000| PB 0x00000007ff000000| Untracked 
|1529|0x00000007ff200000, 0x00000007ff400000, 0x00000007ff400000|100%| E|CS|TAMS 0x00000007ff200000| PB 0x00000007ff200000| Complete 
|1530|0x00000007ff400000, 0x00000007ff600000, 0x00000007ff600000|100%| O|  |TAMS 0x00000007ff400000| PB 0x00000007ff400000| Untracked 
|1531|0x00000007ff600000, 0x00000007ff800000, 0x00000007ff800000|100%| O|  |TAMS 0x00000007ff600000| PB 0x00000007ff600000| Untracked 
|1532|0x00000007ff800000, 0x00000007ffa00000, 0x00000007ffa00000|100%| O|  |TAMS 0x00000007ff800000| PB 0x00000007ff800000| Untracked 
|1533|0x00000007ffa00000, 0x00000007ffc00000, 0x00000007ffc00000|100%| O|  |TAMS 0x00000007ffa00000| PB 0x00000007ffa00000| Untracked 
|1534|0x00000007ffc00000, 0x00000007ffe00000, 0x00000007ffe00000|100%| O|  |TAMS 0x00000007ffc00000| PB 0x00000007ffc00000| Untracked 
|1535|0x00000007ffe00000, 0x0000000800000000, 0x0000000800000000|100%| O|  |TAMS 0x00000007ffe00000| PB 0x00000007ffe00000| Untracked 

Card table byte_map: [0x00000204d9d50000,0x00000204da350000] _byte_map_base: 0x00000204d6350000

Marking Bits: (CMBitMap*) 0x00000204c0deb660
 Bits: [0x00000204da350000, 0x00000204dd350000)

Polling page: 0x00000204bf450000

Metaspace:

Usage:
  Non-class:     68.35 MB used.
      Class:     10.94 MB used.
       Both:     79.29 MB used.

Virtual space:
  Non-class space:      128.00 MB reserved,      69.44 MB ( 54%) committed,  2 nodes.
      Class space:        1.00 GB reserved,      12.00 MB (  1%) committed,  1 nodes.
             Both:        1.12 GB reserved,      81.44 MB (  7%) committed. 

Chunk freelists:
   Non-Class:  10.46 MB
       Class:  3.68 MB
        Both:  14.14 MB

MaxMetaspaceSize: unlimited
CompressedClassSpaceSize: 1.00 GB
Initial GC threshold: 21.00 MB
Current GC threshold: 129.50 MB
CDS: on
 - commit_granule_bytes: 65536.
 - commit_granule_words: 8192.
 - virtual_space_node_default_size: 8388608.
 - enlarge_chunks_in_place: 1.
 - use_allocation_guard: 0.


Internal statistics:

num_allocs_failed_limit: 12.
num_arena_births: 3598.
num_arena_deaths: 0.
num_vsnodes_births: 3.
num_vsnodes_deaths: 0.
num_space_committed: 1303.
num_space_uncommitted: 0.
num_chunks_returned_to_freelist: 12.
num_chunks_taken_from_freelist: 7078.
num_chunk_merges: 9.
num_chunk_splits: 4585.
num_chunks_enlarged: 2805.
num_inconsistent_stats: 0.

CodeHeap 'non-profiled nmethods': size=119168Kb used=5844Kb max_used=5844Kb free=113323Kb
 bounds [0x00000204d1110000, 0x00000204d16d0000, 0x00000204d8570000]
CodeHeap 'profiled nmethods': size=119104Kb used=18196Kb max_used=18196Kb free=100907Kb
 bounds [0x00000204c9570000, 0x00000204ca740000, 0x00000204d09c0000]
CodeHeap 'non-nmethods': size=7488Kb used=4573Kb max_used=4652Kb free=2915Kb
 bounds [0x00000204d09c0000, 0x00000204d0e60000, 0x00000204d1110000]
 total_blobs=10440 nmethods=9462 adapters=879
 compilation: enabled
              stopped_count=0, restarted_count=0
 full_count=0

Compilation events (20 events):
Event: 11.649 Thread 0x00000204e0780820 11034       3       java.util.Optional::orElseThrow (22 bytes)
Event: 11.649 Thread 0x00000204dfbae7b0 11035       3       org.gradle.internal.resources.AbstractResourceLockRegistry$ThreadLockDetails::access$102 (7 bytes)
Event: 11.650 Thread 0x00000204dfbae7b0 nmethod 11035 0x00000204ca72c290 code [0x00000204ca72c420, 0x00000204ca72c520]
Event: 11.650 Thread 0x00000204e0780820 nmethod 11034 0x00000204ca72c610 code [0x00000204ca72c7c0, 0x00000204ca72cad0]
Event: 11.650 Thread 0x00000204e0780820 11036       3       java.util.concurrent.ThreadPoolExecutor::runStateAtLeast (11 bytes)
Event: 11.650 Thread 0x00000204e0780820 nmethod 11036 0x00000204ca72cc10 code [0x00000204ca72cda0, 0x00000204ca72cee8]
Event: 11.650 Thread 0x00000204e07821e0 nmethod 11003 0x00000204ca72cf90 code [0x00000204ca72d460, 0x00000204ca72fcb8]
Event: 11.651 Thread 0x00000204e0780820 11037   !   3       java.nio.ByteBuffer::putBuffer (142 bytes)
Event: 11.651 Thread 0x00000204e05c8090 11038       3       java.nio.ByteBuffer::put (124 bytes)
Event: 11.652 Thread 0x00000204dfbae7b0 11039       3       com.google.gson.internal.bind.TypeAdapters$28::tryBeginNesting (62 bytes)
Event: 11.652 Thread 0x00000204e07821e0 11040       3       com.google.gson.JsonElement::<init> (5 bytes)
Event: 11.653 Thread 0x00000204e05c8090 nmethod 11038 0x00000204ca731110 code [0x00000204ca731360, 0x00000204ca731ba8]
Event: 11.653 Thread 0x00000204e0780820 nmethod 11037 0x00000204ca731e10 code [0x00000204ca7320e0, 0x00000204ca732fc0]
Event: 11.653 Thread 0x00000204e07821e0 nmethod 11040 0x00000204ca733810 code [0x00000204ca7339a0, 0x00000204ca733b08]
Event: 11.654 Thread 0x00000204e07821e0 11041       3       com.google.gson.internal.$Gson$Types::equals (283 bytes)
Event: 11.654 Thread 0x00000204dfbae7b0 nmethod 11039 0x00000204ca733c10 code [0x00000204ca733e80, 0x00000204ca734960]
Event: 11.655 Thread 0x00000204e07821e0 nmethod 11041 0x00000204ca734d10 code [0x00000204ca7351a0, 0x00000204ca737bd0]
Event: 11.658 Thread 0x0000020528fd5120 nmethod 10968 0x00000204d16c1110 code [0x00000204d16c1320, 0x00000204d16c1c68]
Event: 11.658 Thread 0x0000020528fd5120 11030       4       com.google.gson.stream.JsonReader::skipValue (209 bytes)
Event: 11.658 Thread 0x00000205284b77a0 10991       4       java.util.StringJoiner::<init> (10 bytes)

GC Heap History (20 events):
Event: 4.691 GC heap before
{Heap before GC invocations=10 (full 0):
 garbage-first heap   total 110592K, used 90568K [0x0000000740000000, 0x0000000800000000)
  region size 2048K, 28 young (57344K), 3 survivors (6144K)
 Metaspace       used 49664K, committed 51392K, reserved 1114112K
  class space    used 7068K, committed 7936K, reserved 1048576K
}
Event: 4.694 GC heap after
{Heap after GC invocations=11 (full 0):
 garbage-first heap   total 110592K, used 46761K [0x0000000740000000, 0x0000000800000000)
  region size 2048K, 4 young (8192K), 4 survivors (8192K)
 Metaspace       used 49664K, committed 51392K, reserved 1114112K
  class space    used 7068K, committed 7936K, reserved 1048576K
}
Event: 4.815 GC heap before
{Heap before GC invocations=11 (full 0):
 garbage-first heap   total 110592K, used 89769K [0x0000000740000000, 0x0000000800000000)
  region size 2048K, 26 young (53248K), 4 survivors (8192K)
 Metaspace       used 49912K, committed 51648K, reserved 1114112K
  class space    used 7068K, committed 7936K, reserved 1048576K
}
Event: 4.818 GC heap after
{Heap after GC invocations=12 (full 0):
 garbage-first heap   total 110592K, used 49407K [0x0000000740000000, 0x0000000800000000)
  region size 2048K, 2 young (4096K), 2 survivors (4096K)
 Metaspace       used 49912K, committed 51648K, reserved 1114112K
  class space    used 7068K, committed 7936K, reserved 1048576K
}
Event: 5.291 GC heap before
{Heap before GC invocations=12 (full 0):
 garbage-first heap   total 110592K, used 92415K [0x0000000740000000, 0x0000000800000000)
  region size 2048K, 24 young (49152K), 2 survivors (4096K)
 Metaspace       used 54830K, committed 56640K, reserved 1114112K
  class space    used 7628K, committed 8512K, reserved 1048576K
}
Event: 5.294 GC heap after
{Heap after GC invocations=13 (full 0):
 garbage-first heap   total 133120K, used 55416K [0x0000000740000000, 0x0000000800000000)
  region size 2048K, 3 young (6144K), 3 survivors (6144K)
 Metaspace       used 54830K, committed 56640K, reserved 1114112K
  class space    used 7628K, committed 8512K, reserved 1048576K
}
Event: 7.064 GC heap before
{Heap before GC invocations=13 (full 0):
 garbage-first heap   total 133120K, used 84088K [0x0000000740000000, 0x0000000800000000)
  region size 2048K, 17 young (34816K), 3 survivors (6144K)
 Metaspace       used 59134K, committed 60800K, reserved 1114112K
  class space    used 8208K, committed 9024K, reserved 1048576K
}
Event: 7.068 GC heap after
{Heap after GC invocations=14 (full 0):
 garbage-first heap   total 133120K, used 60284K [0x0000000740000000, 0x0000000800000000)
  region size 2048K, 2 young (4096K), 2 survivors (4096K)
 Metaspace       used 59134K, committed 60800K, reserved 1114112K
  class space    used 8208K, committed 9024K, reserved 1048576K
}
Event: 7.551 GC heap before
{Heap before GC invocations=15 (full 0):
 garbage-first heap   total 133120K, used 109436K [0x0000000740000000, 0x0000000800000000)
  region size 2048K, 25 young (51200K), 2 survivors (4096K)
 Metaspace       used 64444K, committed 66304K, reserved 1114112K
  class space    used 8997K, committed 9920K, reserved 1048576K
}
Event: 7.553 GC heap after
{Heap after GC invocations=16 (full 0):
 garbage-first heap   total 133120K, used 65272K [0x0000000740000000, 0x0000000800000000)
  region size 2048K, 3 young (6144K), 3 survivors (6144K)
 Metaspace       used 64444K, committed 66304K, reserved 1114112K
  class space    used 8997K, committed 9920K, reserved 1048576K
}
Event: 8.010 GC heap before
{Heap before GC invocations=16 (full 0):
 garbage-first heap   total 133120K, used 112376K [0x0000000740000000, 0x0000000800000000)
  region size 2048K, 26 young (53248K), 3 survivors (6144K)
 Metaspace       used 70409K, committed 72320K, reserved 1114112K
  class space    used 9749K, committed 10688K, reserved 1048576K
}
Event: 8.014 GC heap after
{Heap after GC invocations=17 (full 0):
 garbage-first heap   total 133120K, used 65959K [0x0000000740000000, 0x0000000800000000)
  region size 2048K, 3 young (6144K), 3 survivors (6144K)
 Metaspace       used 70409K, committed 72320K, reserved 1114112K
  class space    used 9749K, committed 10688K, reserved 1048576K
}
Event: 8.667 GC heap before
{Heap before GC invocations=17 (full 0):
 garbage-first heap   total 133120K, used 115111K [0x0000000740000000, 0x0000000800000000)
  region size 2048K, 27 young (55296K), 3 survivors (6144K)
 Metaspace       used 73891K, committed 75840K, reserved 1114112K
  class space    used 10235K, committed 11200K, reserved 1048576K
}
Event: 8.676 GC heap after
{Heap after GC invocations=18 (full 0):
 garbage-first heap   total 133120K, used 68289K [0x0000000740000000, 0x0000000800000000)
  region size 2048K, 3 young (6144K), 3 survivors (6144K)
 Metaspace       used 73891K, committed 75840K, reserved 1114112K
  class space    used 10235K, committed 11200K, reserved 1048576K
}
Event: 9.089 GC heap before
{Heap before GC invocations=19 (full 0):
 garbage-first heap   total 133120K, used 115393K [0x0000000740000000, 0x0000000800000000)
  region size 2048K, 26 young (53248K), 3 survivors (6144K)
 Metaspace       used 74746K, committed 76736K, reserved 1114112K
  class space    used 10364K, committed 11328K, reserved 1048576K
}
Event: 9.094 GC heap after
{Heap after GC invocations=20 (full 0):
 garbage-first heap   total 133120K, used 72668K [0x0000000740000000, 0x0000000800000000)
  region size 2048K, 4 young (8192K), 4 survivors (8192K)
 Metaspace       used 74746K, committed 76736K, reserved 1114112K
  class space    used 10364K, committed 11328K, reserved 1048576K
}
Event: 9.774 GC heap before
{Heap before GC invocations=20 (full 0):
 garbage-first heap   total 133120K, used 115676K [0x0000000740000000, 0x0000000800000000)
  region size 2048K, 25 young (51200K), 4 survivors (8192K)
 Metaspace       used 75865K, committed 77888K, reserved 1179648K
  class space    used 10537K, committed 11520K, reserved 1048576K
}
Event: 9.782 GC heap after
{Heap after GC invocations=21 (full 0):
 garbage-first heap   total 135168K, used 80011K [0x0000000740000000, 0x0000000800000000)
  region size 2048K, 4 young (8192K), 4 survivors (8192K)
 Metaspace       used 75865K, committed 77888K, reserved 1179648K
  class space    used 10537K, committed 11520K, reserved 1048576K
}
Event: 10.387 GC heap before
{Heap before GC invocations=21 (full 0):
 garbage-first heap   total 135168K, used 116875K [0x0000000740000000, 0x0000000800000000)
  region size 2048K, 22 young (45056K), 4 survivors (8192K)
 Metaspace       used 77431K, committed 79488K, reserved 1179648K
  class space    used 10795K, committed 11776K, reserved 1048576K
}
Event: 10.393 GC heap after
{Heap after GC invocations=22 (full 0):
 garbage-first heap   total 163840K, used 84262K [0x0000000740000000, 0x0000000800000000)
  region size 2048K, 3 young (6144K), 3 survivors (6144K)
 Metaspace       used 77431K, committed 79488K, reserved 1179648K
  class space    used 10795K, committed 11776K, reserved 1048576K
}

Dll operation events (15 events):
Event: 0.007 Loaded shared library C:\Program Files\BellSoft\LibericaJDK-21\bin\java.dll
Event: 0.036 Loaded shared library C:\Program Files\BellSoft\LibericaJDK-21\bin\jsvml.dll
Event: 0.060 Loaded shared library C:\Program Files\BellSoft\LibericaJDK-21\bin\zip.dll
Event: 0.062 Loaded shared library C:\Program Files\BellSoft\LibericaJDK-21\bin\instrument.dll
Event: 0.064 Loaded shared library C:\Program Files\BellSoft\LibericaJDK-21\bin\net.dll
Event: 0.066 Loaded shared library C:\Program Files\BellSoft\LibericaJDK-21\bin\nio.dll
Event: 0.068 Loaded shared library C:\Program Files\BellSoft\LibericaJDK-21\bin\zip.dll
Event: 0.150 Loaded shared library C:\Program Files\BellSoft\LibericaJDK-21\bin\jimage.dll
Event: 0.198 Loaded shared library C:\Program Files\BellSoft\LibericaJDK-21\bin\verify.dll
Event: 0.307 Loaded shared library D:\Gradle\.gradle\native\c067742578af261105cb4f569cf0c3c89f3d7b1fecec35dd04571415982c5e48\windows-amd64\native-platform.dll
Event: 0.311 Loaded shared library D:\Gradle\.gradle\native\100fb08df4bc3b14c8652ba06237920a3bd2aa13389f12d3474272988ae205f9\windows-amd64\native-platform-file-events.dll
Event: 0.711 Loaded shared library C:\Program Files\BellSoft\LibericaJDK-21\bin\management.dll
Event: 0.712 Loaded shared library C:\Program Files\BellSoft\LibericaJDK-21\bin\management_ext.dll
Event: 0.891 Loaded shared library C:\Program Files\BellSoft\LibericaJDK-21\bin\extnet.dll
Event: 0.992 Loaded shared library C:\Program Files\BellSoft\LibericaJDK-21\bin\sunmscapi.dll

Deoptimization events (20 events):
Event: 11.413 Thread 0x000002052c1975d0 Uncommon trap: trap_request=0xffffff45 fr.pc=0x00000204d14b027c relative=0x000000000000013c
Event: 11.413 Thread 0x000002052c1975d0 Uncommon trap: reason=unstable_if action=reinterpret pc=0x00000204d14b027c method=java.lang.ThreadLocal.get(Ljava/lang/Thread;)Ljava/lang/Object; @ 7 c2
Event: 11.413 Thread 0x000002052c1975d0 DEOPT PACKING pc=0x00000204d14b027c sp=0x0000000ff24fe960
Event: 11.413 Thread 0x000002052c1975d0 DEOPT UNPACKING pc=0x00000204d0a146a2 sp=0x0000000ff24fe888 mode 2
Event: 11.413 Thread 0x000002052c1975d0 Uncommon trap: trap_request=0xffffff45 fr.pc=0x00000204d15cfff8 relative=0x0000000000000858
Event: 11.413 Thread 0x000002052c1975d0 Uncommon trap: reason=unstable_if action=reinterpret pc=0x00000204d15cfff8 method=java.lang.ThreadLocal.setInitialValue(Ljava/lang/Thread;)Ljava/lang/Object; @ 12 c2
Event: 11.413 Thread 0x000002052c1975d0 DEOPT PACKING pc=0x00000204d15cfff8 sp=0x0000000ff24fe810
Event: 11.413 Thread 0x000002052c1975d0 DEOPT UNPACKING pc=0x00000204d0a146a2 sp=0x0000000ff24fe800 mode 2
Event: 11.637 Thread 0x0000020529cadf20 Uncommon trap: trap_request=0xffffff45 fr.pc=0x00000204d14d9620 relative=0x0000000000000180
Event: 11.637 Thread 0x0000020529cadf20 Uncommon trap: reason=unstable_if action=reinterpret pc=0x00000204d14d9620 method=java.util.concurrent.locks.ReentrantLock$Sync.tryLock()Z @ 34 c2
Event: 11.637 Thread 0x0000020529cadf20 DEOPT PACKING pc=0x00000204d14d9620 sp=0x0000000ffaffe1d0
Event: 11.637 Thread 0x0000020529cadf20 DEOPT UNPACKING pc=0x00000204d0a146a2 sp=0x0000000ffaffe170 mode 2
Event: 11.639 Thread 0x00000205281407e0 Uncommon trap: trap_request=0xffffffec fr.pc=0x00000204d15331d0 relative=0x00000000000001f0
Event: 11.639 Thread 0x00000205281435d0 Uncommon trap: trap_request=0xffffffec fr.pc=0x00000204d15331d0 relative=0x00000000000001f0
Event: 11.639 Thread 0x00000205281407e0 Uncommon trap: reason=null_assert_or_unreached0 action=make_not_entrant pc=0x00000204d15331d0 method=com.google.common.cache.LocalCache.processPendingNotifications()V @ 9 c2
Event: 11.639 Thread 0x00000205281435d0 Uncommon trap: reason=null_assert_or_unreached0 action=make_not_entrant pc=0x00000204d15331d0 method=com.google.common.cache.LocalCache.processPendingNotifications()V @ 9 c2
Event: 11.640 Thread 0x00000205281407e0 DEOPT PACKING pc=0x00000204d15331d0 sp=0x0000000ff96fd8b0
Event: 11.640 Thread 0x00000205281407e0 DEOPT UNPACKING pc=0x00000204d0a146a2 sp=0x0000000ff96fd868 mode 2
Event: 11.640 Thread 0x00000205281435d0 DEOPT PACKING pc=0x00000204d15331d0 sp=0x0000000ffa1fd5a0
Event: 11.640 Thread 0x00000205281435d0 DEOPT UNPACKING pc=0x00000204d0a146a2 sp=0x0000000ffa1fd558 mode 2

Classes loaded (20 events):
Event: 11.208 Loading class com/sun/org/apache/xerces/internal/dom/DeferredTextImpl
Event: 11.209 Loading class com/sun/org/apache/xerces/internal/dom/TextImpl
Event: 11.209 Loading class org/w3c/dom/CharacterData
Event: 11.209 Loading class org/w3c/dom/CharacterData done
Event: 11.209 Loading class org/w3c/dom/Text
Event: 11.209 Loading class org/w3c/dom/Text done
Event: 11.209 Loading class com/sun/org/apache/xerces/internal/dom/CharacterDataImpl
Event: 11.210 Loading class com/sun/org/apache/xerces/internal/dom/CharacterDataImpl done
Event: 11.210 Loading class com/sun/org/apache/xerces/internal/dom/TextImpl done
Event: 11.210 Loading class com/sun/org/apache/xerces/internal/dom/DeferredTextImpl done
Event: 11.210 Loading class com/sun/org/apache/xerces/internal/dom/CharacterDataImpl$1
Event: 11.210 Loading class com/sun/org/apache/xerces/internal/dom/CharacterDataImpl$1 done
Event: 11.226 Loading class org/w3c/dom/Comment
Event: 11.226 Loading class org/w3c/dom/Comment done
Event: 11.412 Loading class sun/security/ssl/Alert
Event: 11.412 Loading class sun/security/ssl/Alert done
Event: 11.413 Loading class sun/security/ssl/Alert$AlertConsumer
Event: 11.413 Loading class sun/security/ssl/Alert$AlertConsumer done
Event: 11.413 Loading class sun/security/ssl/Alert$Level
Event: 11.413 Loading class sun/security/ssl/Alert$Level done

Classes unloaded (0 events):
No events

Classes redefined (0 events):
No events

Internal exceptions (20 events):
Event: 10.304 Thread 0x00000205278a8440 Exception <a 'java/lang/ClassNotFoundException'{0x0000000745607308}: org/gradle/api/publish/internal/DefaultPublicationContainer_DecoratedCustomizer> (0x0000000745607308) 
thrown [s\src\hotspot\share\classfile\systemDictionary.cpp, line 312]
Event: 10.396 Thread 0x00000205278a8440 Exception <a 'java/lang/ClassNotFoundException'{0x00000007ff268a98}: org/gradle/api/publish/maven/internal/publication/DefaultMavenPublication_DecoratedBeanInfo> (0x00000007ff268a98) 
thrown [s\src\hotspot\share\classfile\systemDictionary.cpp, line 312]
Event: 10.397 Thread 0x00000205278a8440 Exception <a 'java/lang/ClassNotFoundException'{0x00000007ff286318}: org/gradle/api/publish/maven/internal/publication/DefaultMavenPublicationBeanInfo> (0x00000007ff286318) 
thrown [s\src\hotspot\share\classfile\systemDictionary.cpp, line 312]
Event: 10.398 Thread 0x00000205278a8440 Exception <a 'java/lang/ClassNotFoundException'{0x00000007ff2a30d8}: org/gradle/api/publish/maven/internal/publication/DefaultMavenPublicationCustomizer> (0x00000007ff2a30d8) 
thrown [s\src\hotspot\share\classfile\systemDictionary.cpp, line 312]
Event: 10.399 Thread 0x00000205278a8440 Exception <a 'java/lang/ClassNotFoundException'{0x00000007ff2e97d8}: org/gradle/api/publish/maven/internal/publication/DefaultMavenPublication_DecoratedCustomizer> (0x00000007ff2e97d8) 
thrown [s\src\hotspot\share\classfile\systemDictionary.cpp, line 312]
Event: 10.412 Thread 0x00000205278a8440 Exception <a 'java/lang/NoSuchMethodError'{0x00000007ff385830}: 'void java.lang.invoke.DirectMethodHandle$Holder.invokeStatic(java.lang.Object, java.lang.Object, java.lang.Object, java.lang.Object, java.lang.Object, java.lang.Object, java.lang.Object)'> (0x00000007ff385830) 
thrown [s\src\hotspot\share\interpreter\linkResolver.cpp, line 773]
Event: 10.427 Thread 0x00000205278a8440 Exception <a 'java/lang/ClassNotFoundException'{0x000000074fb9e5e8}: org/gradle/api/internal/tasks/DefaultRealizableTaskCollection_DecoratedBeanInfo> (0x000000074fb9e5e8) 
thrown [s\src\hotspot\share\classfile\systemDictionary.cpp, line 312]
Event: 10.427 Thread 0x00000205278a8440 Exception <a 'java/lang/ClassNotFoundException'{0x000000074fbb0580}: org/gradle/api/internal/tasks/DefaultRealizableTaskCollectionBeanInfo> (0x000000074fbb0580) 
thrown [s\src\hotspot\share\classfile\systemDictionary.cpp, line 312]
Event: 10.428 Thread 0x00000205278a8440 Exception <a 'java/lang/ClassNotFoundException'{0x000000074fbc2320}: org/gradle/api/internal/DelegatingNamedDomainObjectSetBeanInfo> (0x000000074fbc2320) 
thrown [s\src\hotspot\share\classfile\systemDictionary.cpp, line 312]
Event: 10.428 Thread 0x00000205278a8440 Exception <a 'java/lang/ClassNotFoundException'{0x000000074fbd42a8}: org/gradle/api/internal/DelegatingDomainObjectSetBeanInfo> (0x000000074fbd42a8) 
thrown [s\src\hotspot\share\classfile\systemDictionary.cpp, line 312]
Event: 10.429 Thread 0x00000205278a8440 Exception <a 'java/lang/ClassNotFoundException'{0x000000074fbe6240}: org/gradle/api/internal/DelegatingDomainObjectSetCustomizer> (0x000000074fbe6240) 
thrown [s\src\hotspot\share\classfile\systemDictionary.cpp, line 312]
Event: 10.430 Thread 0x00000205278a8440 Exception <a 'java/lang/ClassNotFoundException'{0x000000074f81d288}: org/gradle/api/internal/DelegatingNamedDomainObjectSetCustomizer> (0x000000074f81d288) 
thrown [s\src\hotspot\share\classfile\systemDictionary.cpp, line 312]
Event: 10.431 Thread 0x00000205278a8440 Exception <a 'java/lang/ClassNotFoundException'{0x000000074f868138}: org/gradle/api/internal/tasks/DefaultRealizableTaskCollectionCustomizer> (0x000000074f868138) 
thrown [s\src\hotspot\share\classfile\systemDictionary.cpp, line 312]
Event: 10.432 Thread 0x00000205278a8440 Exception <a 'java/lang/ClassNotFoundException'{0x000000074f8ca0f0}: org/gradle/api/internal/tasks/DefaultRealizableTaskCollection_DecoratedCustomizer> (0x000000074f8ca0f0) 
thrown [s\src\hotspot\share\classfile\systemDictionary.cpp, line 312]
Event: 10.930 Thread 0x00000205278a8440 Implicit null exception at 0x00000204d12fc54a to 0x00000204d12fcd0c
Event: 10.937 Thread 0x00000205278a8440 Exception <a 'java/lang/NoSuchMethodError'{0x0000000747701658}: 'void java.lang.invoke.Invokers$Holder.invokeExact_MT(java.lang.Object, java.lang.Object, int, java.lang.Object)'> (0x0000000747701658) 
thrown [s\src\hotspot\share\interpreter\linkResolver.cpp, line 773]
Event: 10.946 Thread 0x00000205278a8440 Exception <a 'java/lang/NoSuchMethodError'{0x000000074777c190}: 'void java.lang.invoke.Invokers$Holder.invokeExact_MT(java.lang.Object, java.lang.Object, java.lang.Object, java.lang.Object)'> (0x000000074777c190) 
thrown [s\src\hotspot\share\interpreter\linkResolver.cpp, line 773]
Event: 11.160 Thread 0x00000205278a8440 Exception <a 'java/lang/NoSuchMethodError'{0x0000000746c8b020}: 'int java.lang.invoke.DirectMethodHandle$Holder.invokeSpecial(java.lang.Object, java.lang.Object, int)'> (0x0000000746c8b020) 
thrown [s\src\hotspot\share\interpreter\linkResolver.cpp, line 773]
Event: 11.413 Thread 0x000002052c1975d0 Implicit null exception at 0x00000204d14b018b to 0x00000204d14b0264
Event: 11.413 Thread 0x000002052c1975d0 Implicit null exception at 0x00000204d15cf80e to 0x00000204d15cffdc

ZGC Phase Switch (0 events):
No events

VM Operations (20 events):
Event: 10.851 Executing VM operation: HandshakeAllThreads (Deoptimize)
Event: 10.851 Executing VM operation: HandshakeAllThreads (Deoptimize) done
Event: 10.994 Executing VM operation: HandshakeAllThreads (Deoptimize)
Event: 10.994 Executing VM operation: HandshakeAllThreads (Deoptimize) done
Event: 11.032 Executing VM operation: ICBufferFull
Event: 11.032 Executing VM operation: ICBufferFull done
Event: 11.110 Executing VM operation: HandshakeAllThreads (Deoptimize)
Event: 11.110 Executing VM operation: HandshakeAllThreads (Deoptimize) done
Event: 11.166 Executing VM operation: HandshakeAllThreads (Deoptimize)
Event: 11.166 Executing VM operation: HandshakeAllThreads (Deoptimize) done
Event: 11.204 Executing VM operation: HandshakeAllThreads (Deoptimize)
Event: 11.204 Executing VM operation: HandshakeAllThreads (Deoptimize) done
Event: 11.256 Executing VM operation: HandshakeAllThreads (Deoptimize)
Event: 11.256 Executing VM operation: HandshakeAllThreads (Deoptimize) done
Event: 11.502 Executing VM operation: ICBufferFull
Event: 11.502 Executing VM operation: ICBufferFull done
Event: 11.519 Executing VM operation: HandshakeAllThreads (Deoptimize)
Event: 11.519 Executing VM operation: HandshakeAllThreads (Deoptimize) done
Event: 11.639 Executing VM operation: HandshakeAllThreads (Deoptimize)
Event: 11.639 Executing VM operation: HandshakeAllThreads (Deoptimize) done

Memory protections (0 events):
No events

Nmethod flushes (20 events):
Event: 10.426 Thread 0x00000204dfb72020 flushing  nmethod 0x00000204c964b890
Event: 10.426 Thread 0x00000204dfb72020 flushing  nmethod 0x00000204c9a80d90
Event: 10.426 Thread 0x00000204dfb72020 flushing  nmethod 0x00000204c9ab9f10
Event: 10.426 Thread 0x00000204dfb72020 flushing  nmethod 0x00000204c9abdf10
Event: 10.426 Thread 0x00000204dfb72020 flushing  nmethod 0x00000204c9fe6b90
Event: 10.426 Thread 0x00000204dfb72020 flushing  nmethod 0x00000204c9fe7e90
Event: 10.426 Thread 0x00000204dfb72020 flushing  nmethod 0x00000204ca4aae90
Event: 10.426 Thread 0x00000204dfb72020 flushing  nmethod 0x00000204ca4aec10
Event: 10.426 Thread 0x00000204dfb72020 flushing  nmethod 0x00000204ca4b2710
Event: 10.426 Thread 0x00000204dfb72020 flushing  nmethod 0x00000204c9794790
Event: 10.426 Thread 0x00000204dfb72020 flushing  nmethod 0x00000204c979ce10
Event: 10.426 Thread 0x00000204dfb72020 flushing  nmethod 0x00000204c97a3090
Event: 10.426 Thread 0x00000204dfb72020 flushing  nmethod 0x00000204c97bb490
Event: 10.426 Thread 0x00000204dfb72020 flushing  nmethod 0x00000204c985dc10
Event: 10.426 Thread 0x00000204dfb72020 flushing  nmethod 0x00000204c9a71990
Event: 10.426 Thread 0x00000204dfb72020 flushing  nmethod 0x00000204c9aa2090
Event: 10.426 Thread 0x00000204dfb72020 flushing  nmethod 0x00000204c9aa4190
Event: 10.426 Thread 0x00000204dfb72020 flushing  nmethod 0x00000204c9aa4590
Event: 10.426 Thread 0x00000204dfb72020 flushing  nmethod 0x00000204ca467f10
Event: 10.426 Thread 0x00000204dfb72020 flushing  nmethod 0x00000204ca468990

Events (20 events):
Event: 11.632 Thread 0x00000205278a8440 Thread added: 0x0000020528141b90
Event: 11.632 Thread 0x00000205278a8440 Thread added: 0x00000205281407e0
Event: 11.633 Thread 0x00000205278a8440 Thread added: 0x000002052813fac0
Event: 11.634 Thread 0x00000205278a8440 Thread added: 0x00000205281435d0
Event: 11.634 Thread 0x00000205278a8440 Thread added: 0x0000020528140150
Event: 11.634 Thread 0x00000205278a8440 Thread added: 0x0000020529cad200
Event: 11.634 Thread 0x00000205278a8440 Thread added: 0x0000020529caaaa0
Event: 11.635 Thread 0x00000205278a8440 Thread added: 0x0000020529cabe50
Event: 11.635 Thread 0x00000205278a8440 Thread added: 0x0000020529cacb70
Event: 11.635 Thread 0x00000205278a8440 Thread added: 0x0000020529cac4e0
Event: 11.635 Thread 0x00000205278a8440 Thread added: 0x0000020529cab130
Event: 11.635 Thread 0x00000205278a8440 Thread added: 0x0000020529cab7c0
Event: 11.635 Thread 0x00000205278a8440 Thread added: 0x0000020529ca9d80
Event: 11.636 Thread 0x00000205278a8440 Thread added: 0x0000020529cad890
Event: 11.636 Thread 0x00000205278a8440 Thread added: 0x0000020529caa410
Event: 11.637 Thread 0x00000205278a8440 Thread added: 0x0000020529caf2d0
Event: 11.637 Thread 0x00000205278a8440 Thread added: 0x0000020529cb0d10
Event: 11.637 Thread 0x00000205278a8440 Thread added: 0x0000020529cadf20
Event: 11.637 Thread 0x00000205278a8440 Thread added: 0x0000020529cafff0
Event: 11.658 Thread 0x0000020528fd5120 Thread added: 0x00000205284b77a0


Dynamic libraries:
0x00007ff68a700000 - 0x00007ff68a70e000 	C:\Program Files\BellSoft\LibericaJDK-21\bin\java.exe
0x00007fff701e0000 - 0x00007fff70448000 	C:\WINDOWS\SYSTEM32\ntdll.dll
0x00007fff6f2b0000 - 0x00007fff6f379000 	C:\WINDOWS\System32\KERNEL32.DLL
0x00007fff6d880000 - 0x00007fff6dc6d000 	C:\WINDOWS\System32\KERNELBASE.dll
0x00007fff6d680000 - 0x00007fff6d7cb000 	C:\WINDOWS\System32\ucrtbase.dll
0x00007fff58d10000 - 0x00007fff58d28000 	C:\Program Files\BellSoft\LibericaJDK-21\bin\jli.dll
0x00007fff58e70000 - 0x00007fff58e8b000 	C:\Program Files\BellSoft\LibericaJDK-21\bin\VCRUNTIME140.dll
0x00007fff6fcb0000 - 0x00007fff6fe7c000 	C:\WINDOWS\System32\USER32.dll
0x00007fff6dc70000 - 0x00007fff6dc97000 	C:\WINDOWS\System32\win32u.dll
0x00007fff51a20000 - 0x00007fff51cba000 	C:\WINDOWS\WinSxS\amd64_microsoft.windows.common-controls_6595b64144ccf1df_6.0.26100.4484_none_3e0e6d4ce32ef3b3\COMCTL32.dll
0x00007fff6e000000 - 0x00007fff6e02b000 	C:\WINDOWS\System32\GDI32.dll
0x00007fff6d3c0000 - 0x00007fff6d4f7000 	C:\WINDOWS\System32\gdi32full.dll
0x00007fff6f010000 - 0x00007fff6f0b9000 	C:\WINDOWS\System32\msvcrt.dll
0x00007fff6d7d0000 - 0x00007fff6d873000 	C:\WINDOWS\System32\msvcp_win.dll
0x00007fff6ee20000 - 0x00007fff6ee4f000 	C:\WINDOWS\System32\IMM32.DLL
0x00007fff60110000 - 0x00007fff6011c000 	C:\Program Files\BellSoft\LibericaJDK-21\bin\vcruntime140_1.dll
0x00007ffeda2a0000 - 0x00007ffeda32e000 	C:\Program Files\BellSoft\LibericaJDK-21\bin\msvcp140.dll
0x00007ffead820000 - 0x00007ffeae5c2000 	C:\Program Files\BellSoft\LibericaJDK-21\bin\server\jvm.dll
0x00007fff6fb20000 - 0x00007fff6fbd4000 	C:\WINDOWS\System32\ADVAPI32.dll
0x00007fff6fbe0000 - 0x00007fff6fc86000 	C:\WINDOWS\System32\sechost.dll
0x00007fff6f380000 - 0x00007fff6f498000 	C:\WINDOWS\System32\RPCRT4.dll
0x00007fff70020000 - 0x00007fff70094000 	C:\WINDOWS\System32\WS2_32.dll
0x00007fff6bf30000 - 0x00007fff6bf8e000 	C:\WINDOWS\SYSTEM32\POWRPROF.dll
0x00007fff60a40000 - 0x00007fff60a75000 	C:\WINDOWS\SYSTEM32\WINMM.dll
0x00007fff64000000 - 0x00007fff6400b000 	C:\WINDOWS\SYSTEM32\VERSION.dll
0x00007fff6bf10000 - 0x00007fff6bf24000 	C:\WINDOWS\SYSTEM32\UMPDC.dll
0x00007fff6c1f0000 - 0x00007fff6c20b000 	C:\WINDOWS\SYSTEM32\kernel.appcore.dll
0x00007fff5ff40000 - 0x00007fff5ff4a000 	C:\Program Files\BellSoft\LibericaJDK-21\bin\jimage.dll
0x00007fff6a9e0000 - 0x00007fff6ac21000 	C:\WINDOWS\SYSTEM32\DBGHELP.DLL
0x00007fff6f6e0000 - 0x00007fff6fa66000 	C:\WINDOWS\System32\combase.dll
0x00007fff6ff30000 - 0x00007fff70010000 	C:\WINDOWS\System32\OLEAUT32.dll
0x00007fff60740000 - 0x00007fff60783000 	C:\WINDOWS\SYSTEM32\dbgcore.DLL
0x00007fff6dca0000 - 0x00007fff6dd39000 	C:\WINDOWS\System32\bcryptPrimitives.dll
0x00007fff5fd00000 - 0x00007fff5fd0f000 	C:\Program Files\BellSoft\LibericaJDK-21\bin\instrument.dll
0x00007fff53f30000 - 0x00007fff53f4f000 	C:\Program Files\BellSoft\LibericaJDK-21\bin\java.dll
0x00007fff6e030000 - 0x00007fff6e77a000 	C:\WINDOWS\System32\SHELL32.dll
0x00007fff6dd40000 - 0x00007fff6deb4000 	C:\WINDOWS\System32\wintypes.dll
0x00007fff6af90000 - 0x00007fff6b7eb000 	C:\WINDOWS\SYSTEM32\windows.storage.dll
0x00007fff700a0000 - 0x00007fff70195000 	C:\WINDOWS\System32\SHCORE.dll
0x00007fff6edb0000 - 0x00007fff6ee1a000 	C:\WINDOWS\System32\shlwapi.dll
0x00007fff6d240000 - 0x00007fff6d26f000 	C:\WINDOWS\SYSTEM32\profapi.dll
0x00007ffec77c0000 - 0x00007ffec7897000 	C:\Program Files\BellSoft\LibericaJDK-21\bin\jsvml.dll
0x00007fff53f10000 - 0x00007fff53f28000 	C:\Program Files\BellSoft\LibericaJDK-21\bin\zip.dll
0x00007fff5e680000 - 0x00007fff5e690000 	C:\Program Files\BellSoft\LibericaJDK-21\bin\net.dll
0x00007fff66330000 - 0x00007fff6644e000 	C:\WINDOWS\SYSTEM32\WINHTTP.dll
0x00007fff6c780000 - 0x00007fff6c7ea000 	C:\WINDOWS\system32\mswsock.dll
0x00007fff53910000 - 0x00007fff53926000 	C:\Program Files\BellSoft\LibericaJDK-21\bin\nio.dll
0x00007fff538b0000 - 0x00007fff538c0000 	C:\Program Files\BellSoft\LibericaJDK-21\bin\verify.dll
0x00007fff58d30000 - 0x00007fff58d57000 	D:\Gradle\.gradle\native\c067742578af261105cb4f569cf0c3c89f3d7b1fecec35dd04571415982c5e48\windows-amd64\native-platform.dll
0x00007ffead6d0000 - 0x00007ffead814000 	D:\Gradle\.gradle\native\100fb08df4bc3b14c8652ba06237920a3bd2aa13389f12d3474272988ae205f9\windows-amd64\native-platform-file-events.dll
0x00007fff538a0000 - 0x00007fff538aa000 	C:\Program Files\BellSoft\LibericaJDK-21\bin\management.dll
0x00007fff53890000 - 0x00007fff5389b000 	C:\Program Files\BellSoft\LibericaJDK-21\bin\management_ext.dll
0x00007fff6f4a0000 - 0x00007fff6f4a8000 	C:\WINDOWS\System32\PSAPI.DLL
0x00007fff6ca30000 - 0x00007fff6ca4b000 	C:\WINDOWS\SYSTEM32\CRYPTSP.dll
0x00007fff6c150000 - 0x00007fff6c18b000 	C:\WINDOWS\system32\rsaenh.dll
0x00007fff6c820000 - 0x00007fff6c84b000 	C:\WINDOWS\SYSTEM32\USERENV.dll
0x00007fff6d210000 - 0x00007fff6d236000 	C:\WINDOWS\SYSTEM32\bcrypt.dll
0x00007fff6ca50000 - 0x00007fff6ca5c000 	C:\WINDOWS\SYSTEM32\CRYPTBASE.dll
0x00007fff6bcb0000 - 0x00007fff6bce3000 	C:\WINDOWS\SYSTEM32\IPHLPAPI.DLL
0x00007fff6fca0000 - 0x00007fff6fcaa000 	C:\WINDOWS\System32\NSI.dll
0x00007fff53180000 - 0x00007fff53189000 	C:\Program Files\BellSoft\LibericaJDK-21\bin\extnet.dll
0x00007fff53170000 - 0x00007fff5317e000 	C:\Program Files\BellSoft\LibericaJDK-21\bin\sunmscapi.dll
0x00007fff6d500000 - 0x00007fff6d677000 	C:\WINDOWS\System32\CRYPT32.dll
0x00007fff6cc50000 - 0x00007fff6cc80000 	C:\WINDOWS\SYSTEM32\ncrypt.dll
0x00007fff6cc00000 - 0x00007fff6cc3f000 	C:\WINDOWS\SYSTEM32\NTASN1.dll
0x00007fff5e8b0000 - 0x00007fff5e8b8000 	C:\WINDOWS\system32\wshunix.dll
0x00007fff6bcf0000 - 0x00007fff6be16000 	C:\WINDOWS\SYSTEM32\DNSAPI.dll
0x00007fff65ea0000 - 0x00007fff65eab000 	C:\Windows\System32\rasadhlp.dll
0x00007fff66fe0000 - 0x00007fff67066000 	C:\WINDOWS\System32\fwpuclnt.dll

dbghelp: loaded successfully - version: 4.0.5 - missing functions: none
symbol engine: initialized successfully - sym options: 0x614 - pdb path: .;C:\Program Files\BellSoft\LibericaJDK-21\bin;C:\WINDOWS\SYSTEM32;C:\WINDOWS\WinSxS\amd64_microsoft.windows.common-controls_6595b64144ccf1df_6.0.26100.4484_none_3e0e6d4ce32ef3b3;C:\Program Files\BellSoft\LibericaJDK-21\bin\server;D:\Gradle\.gradle\native\c067742578af261105cb4f569cf0c3c89f3d7b1fecec35dd04571415982c5e48\windows-amd64;D:\Gradle\.gradle\native\100fb08df4bc3b14c8652ba06237920a3bd2aa13389f12d3474272988ae205f9\windows-amd64

VM Arguments:
jvm_args: --add-opens=java.base/java.util=ALL-UNNAMED --add-opens=java.base/java.lang=ALL-UNNAMED --add-opens=java.base/java.lang.invoke=ALL-UNNAMED --add-opens=java.prefs/java.util.prefs=ALL-UNNAMED --add-opens=java.base/java.nio.charset=ALL-UNNAMED --add-opens=java.base/java.net=ALL-UNNAMED --add-opens=java.base/java.util.concurrent.atomic=ALL-UNNAMED -Xmx3G -Dfile.encoding=GBK -Duser.country=CN -Duser.language=zh -Duser.variant -javaagent:D:\Gradle\.gradle\wrapper\dists\gradle-8.8-bin\dl7vupf4psengwqhwktix4v1\gradle-8.8\lib\agents\gradle-instrumentation-agent-8.8.jar 
java_command: org.gradle.launcher.daemon.bootstrap.GradleDaemon 8.8
java_class_path (initial): D:\Gradle\.gradle\wrapper\dists\gradle-8.8-bin\dl7vupf4psengwqhwktix4v1\gradle-8.8\lib\gradle-launcher-8.8.jar
Launcher Type: SUN_STANDARD

[Global flags]
     intx CICompilerCount                          = 12                                        {product} {ergonomic}
     uint ConcGCThreads                            = 4                                         {product} {ergonomic}
     uint G1ConcRefinementThreads                  = 15                                        {product} {ergonomic}
   size_t G1HeapRegionSize                         = 2097152                                   {product} {ergonomic}
    uintx GCDrainStackTargetSize                   = 64                                        {product} {ergonomic}
   size_t InitialHeapSize                          = 264241152                                 {product} {ergonomic}
   size_t MarkStackSize                            = 4194304                                   {product} {ergonomic}
   size_t MaxHeapSize                              = 3221225472                                {product} {command line}
   size_t MaxNewSize                               = 1931476992                                {product} {ergonomic}
   size_t MinHeapDeltaBytes                        = 2097152                                   {product} {ergonomic}
   size_t MinHeapSize                              = 8388608                                   {product} {ergonomic}
    uintx NonNMethodCodeHeapSize                   = 7602480                                {pd product} {ergonomic}
    uintx NonProfiledCodeHeapSize                  = 122027880                              {pd product} {ergonomic}
    uintx ProfiledCodeHeapSize                     = 122027880                              {pd product} {ergonomic}
    uintx ReservedCodeCacheSize                    = 251658240                              {pd product} {ergonomic}
     bool SegmentedCodeCache                       = true                                      {product} {ergonomic}
   size_t SoftMaxHeapSize                          = 3221225472                             {manageable} {ergonomic}
     bool UseCompressedOops                        = true                           {product lp64_product} {ergonomic}
     bool UseG1GC                                  = true                                      {product} {ergonomic}
     bool UseLargePagesIndividualAllocation        = false                                  {pd product} {ergonomic}

Logging:
Log output configuration:
 #0: stdout all=warning uptime,level,tags foldmultilines=false
 #1: stderr all=off uptime,level,tags foldmultilines=false

Environment Variables:
JAVA_HOME=C:\Program Files\BellSoft\LibericaJDK-21\
PATH=C:\Program Files\Common Files\Oracle\Java\javapath;C:\Program Files\BellSoft\LibericaJDK-21\bin\;C:\Program Files\Microsoft\jdk-17.0.10.7-hotspot\bin;E:\Program Files\Gurobi\win64\bin;C:\Windows\system32;C:\Windows;C:\Windows\System32\Wbem;C:\Windows\System32\WindowsPowerShell\v1.0\;C:\Windows\System32\OpenSSH\;C:\Program Files (x86)\Windows Kits\10\Windows Performance Toolkit\;C:\WINDOWS\system32;C:\WINDOWS;C:\WINDOWS\System32\Wbem;C:\WINDOWS\System32\WindowsPowerShell\v1.0\;C:\WINDOWS\System32\OpenSSH\;D:\Program Files\gnuplot\bin;C:\Program Files (x86)\MATLAB\MATLAB Compiler Runtime\v717\runtime\win32;C:\Program Files (x86)\MATLAB\MATLAB Compiler Runtime\v81\runtime\win32;D:\Program Files\texlive\2024\bin\windows;E:\Program Files\GitHub CLI\;C:\Program Files\Microsoft SQL Server\Client SDK\ODBC\170\Tools\Binn\;C:\Program Files (x86)\Microsoft SQL Server\150\Tools\Binn\;C:\Program Files\Microsoft SQL Server\150\Tools\Binn\;C:\Program Files\Microsoft SQL Server\150\DTS\Binn\;C:\Program Files (x86)\Windows Kits\8.1\Windows Performance Toolkit\;D:\Program Files (x86)\ffmpeg-master-latest-win64-gpl\bin;D:\Program Files (x86)\m3u8;C:\Program Files\CMake\bin;E:\Program Files\Visual Studio\VC\Tools\MSVC\14.38.33130\bin\Hostx64\x64;C:\Program Files\dotnet\;E:\Program Files\Git\cmd;C:\Program Files\Mat2py\matlab2python-main;D:\Program Files\MATLAB\MATLAB Runtime\v98\runtime\win64;D:\Program Files\matlab\bin\win64;C:\Program Files\nodejs\;D:\Program Files\Siemens\NX2306\CAPITALINTEGRATION\capitalnxremote\;C:\Program Files\NVIDIA Corporation\NVIDIA App\NvDLISR;C:\Program Files (x86)\NVIDIA Corporation\PhysX\Common;C:\Users\ASUS\AppData\Local\Programs\Python\Python38\Scripts\;C:\Users\ASUS\AppData\Local\Programs\Python\Python38\;C:\Users\ASUS\AppData\Local\Programs\Python\Python310\Scripts\;C:\Users\ASUS\AppData\Local\Programs\Python\Python310\;C:\Users\ASUS\AppData\Local\activestate\cache\bin;C:\Users\ASUS\AppData\Local\ActiveState\StateTool\release\bin;C:\Users\ASUS\AppData\Local\Microsoft\WindowsApps;D:\Program Files\matlab\bin\win32;C:\mingw64\bin;D:\Program Files\matlab\bin\win64;D:\Program Files\matlab\bin;C:\Users\ASUS\AppData\Local\Programs\MiKTeX\miktex\bin\x64\;E:\Program Files\Microsoft VS Code\bin;C:\Users\ASUS\AppData\Local\Programs\MiKTeX\miktex\bin;C:\Users\ASUS\AppData\Local\GitHubDesktop\bin;;D:\Program Files\JetBrains\IntelliJ IDEA Community Edition 2024.1.4\bin;;C:\Users\ASUS\.dotnet\tools;E:\Program Files\JetBrains\PyCharm Community Edition 2024.2.4\bin;;C:\Users\ASUS\AppData\Roaming\npm;D:\Program Files\JetBrains\CLion 2024.3.4\bin;
USERNAME=ASUS
OS=Windows_NT
PROCESSOR_IDENTIFIER=Intel64 Family 6 Model 154 Stepping 3, GenuineIntel
TMP=C:\Users\ASUS\AppData\Local\Temp
TEMP=C:\Users\ASUS\AppData\Local\Temp




Periodic native trim disabled

---------------  S Y S T E M  ---------------

OS:
 Windows 11 , 64 bit Build 26100 (10.0.26100.4484)
OS uptime: 0 days 2:16 hours
Hyper-V role detected

CPU: total 20 (initial active 20) (10 cores per cpu, 2 threads per core) family 6 model 154 stepping 3 microcode 0x429, cx8, cmov, fxsr, ht, mmx, 3dnowpref, sse, sse2, sse3, ssse3, sse4.1, sse4.2, popcnt, lzcnt, tsc, tscinvbit, avx, avx2, aes, erms, clmul, bmi1, bmi2, adx, sha, fma, vzeroupper, clflush, clflushopt, clwb, hv, serialize, rdtscp, rdpid, fsrm, f16c, cet_ibt, cet_ss
Processor Information for all 20 processors :
  Max Mhz: 2300, Current Mhz: 2300, Mhz Limit: 2300

Memory: 4k page, system-wide physical 16004M (2222M free)
TotalPageFile size 26410M (AvailPageFile size 5M)
current process WorkingSet (physical memory assigned to process): 480M, peak: 480M
current process commit charge ("private bytes"): 552M, peak: 553M

vm_info: OpenJDK 64-Bit Server VM (21.0.4+9-LTS) for windows-amd64 JRE (21.0.4+9-LTS), built on 2024-07-12T19:23:47Z by "hudson" with MS VC++ 17.1 (VS2022)

END.
